Month,UNRATE,u_lag1,u_lag2,u_lag3,u_lag4,u_lag5,u_lag6,mask_UNRATE,delta_UNRATE,GDP,lnGDP,mask_GDP,delta_GDP,gdp,,1/1/1951 0:00
1/1/1951 0:00,3.7,4.3,4.2,4.2,4.4,4.5,5,1,0,2415.66,0,0,0,2338.51,0.017178949,2/1/1951 0:00
2/1/1951 0:00,3.4,3.7,4.3,4.2,4.2,4.4,4.5,1,0,,0,0,0,2383.29,0.013490656,3/1/1951 0:00
3/1/1951 0:00,3.4,3.4,3.7,4.3,4.2,4.2,4.4,1,0,,0,0,0,2415.66,0.01718017,4/1/1951 0:00
4/1/1951 0:00,3.1,3.4,3.4,3.7,4.3,4.2,4.2,1,0,2457.517,0.017178949,1,0,2457.52,0.020400692,5/1/1951 0:00
5/1/1951 0:00,3,3.1,3.4,3.4,3.7,4.3,4.2,1,1,,0,0,1,2508.17,0.00219839,6/1/1951 0:00
6/1/1951 0:00,3.2,3,3.1,3.4,3.4,3.7,4.3,1,1,,0,0,2,2513.69,0.0106288,7/1/1951 0:00
7/1/1951 0:00,3.1,3.2,3,3.1,3.4,3.4,3.7,1,1,2508.166,0.020400318,1,3,2540.55,0.002150763,8/1/1951 0:00
8/1/1951 0:00,3.1,3.1,3.2,3,3.1,3.4,3.4,1,1,,0,0,1,2546.02,0.007193178,9/1/1951 0:00
9/1/1951 0:00,3.3,3.1,3.1,3.2,3,3.1,3.4,1,1,,0,0,2,2564.4,0.032314217,10/1/1951 0:00
10/1/1951 0:00,3.5,3.3,3.1,3.1,3.2,3,3.1,1,1,2513.69,0.002199984,1,3,2648.62,0.018420117,11/1/1951 0:00
11/1/1951 0:00,3.5,3.5,3.3,3.1,3.1,3.2,3,1,1,,0,0,1,2697.86,0.007698637,12/1/1951 0:00
12/1/1951 0:00,3.1,3.5,3.5,3.3,3.1,3.1,3.2,1,1,,0,0,2,2718.71,-0.005643564,1/1/1952 0:00
1/1/1952 0:00,3.2,3.1,3.5,3.5,3.3,3.1,3.1,1,1,2540.55,0.0106288,1,3,2703.41,-0.01525592,2/1/1952 0:00
2/1/1952 0:00,3.1,3.2,3.1,3.5,3.5,3.3,3.1,1,1,,0,0,1,2662.48,-0.004788949,3/1/1952 0:00
3/1/1952 0:00,2.9,3.1,3.2,3.1,3.5,3.5,3.3,1,1,,0,0,2,2649.76,0.001086301,4/1/1952 0:00
4/1/1952 0:00,2.9,2.9,3.1,3.2,3.1,3.5,3.5,1,1,2546.022,0.002151548,1,3,2652.64,0.011231103,5/1/1952 0:00
5/1/1952 0:00,3,2.9,2.9,3.1,3.2,3.1,3.5,1,1,,0,0,1,2682.6,0.019377869,6/1/1952 0:00
6/1/1952 0:00,3,3,2.9,2.9,3.1,3.2,3.1,1,1,,0,0,2,2735.09,GDP,7/1/1952 0:00
7/1/1952 0:00,3.2,3,3,2.9,2.9,3.1,3.2,1,1,2564.401,0.007192782,1,3,2813.21,0.016142235,8/1/1952 0:00
8/1/1952 0:00,3.4,3.2,3,3,2.9,2.9,3.1,1,1,,0,0,1,2858.99,0.013414393,9/1/1952 0:00
9/1/1952 0:00,3.1,3.4,3.2,3,3,2.9,2.9,1,1,,0,0,2,2897.6,0.005983581,10/1/1952 0:00
10/1/1952 0:00,3,3.1,3.4,3.2,3,3,2.9,1,1,2648.621,0.032314204,1,3,2914.99,-0.003890935,11/1/1952 0:00
11/1/1952 0:00,2.8,3,3.1,3.4,3.2,3,3,1,1,,0,0,1,2903.67,0.008228015,12/1/1952 0:00
12/1/1952 0:00,2.7,2.8,3,3.1,3.4,3.2,3,1,1,,0,0,2,2927.66,-0.000898732,1/1/1953 0:00
1/1/1953 0:00,2.9,2.7,2.8,3,3.1,3.4,3.2,1,1,2697.855,0.018417886,1,3,2925.03,0.01632735,2/1/1953 0:00
2/1/1953 0:00,2.6,2.9,2.7,2.8,3,3.1,3.4,1,1,,0,0,1,2973.18,0.0063835,3/1/1953 0:00
3/1/1953 0:00,2.6,2.6,2.9,2.7,2.8,3,3.1,1,1,,0,0,2,2992.22,-0.002194759,4/1/1953 0:00
4/1/1953 0:00,2.7,2.6,2.6,2.9,2.7,2.8,3,1,1,2718.709,0.007700122,1,3,2985.66,0.009752468,5/1/1953 0:00
5/1/1953 0:00,2.5,2.7,2.6,2.6,2.9,2.7,2.8,1,1,,0,0,1,3014.92,-0.0103991,6/1/1953 0:00
6/1/1953 0:00,2.5,2.5,2.7,2.6,2.6,2.9,2.7,1,1,,0,0,2,2983.73,-0.026303724,7/1/1953 0:00
7/1/1953 0:00,2.6,2.5,2.5,2.7,2.6,2.6,2.9,1,1,2703.411,-0.005642826,1,3,2906.27,0.006553915,8/1/1953 0:00
8/1/1953 0:00,2.7,2.6,2.5,2.5,2.7,2.6,2.6,1,1,,0,0,1,2925.38,0.02287523,9/1/1953 0:00
9/1/1953 0:00,2.9,2.7,2.6,2.5,2.5,2.7,2.6,1,1,,0,0,2,2993.07,0.023124594,10/1/1953 0:00
10/1/1953 0:00,3.1,2.9,2.7,2.6,2.5,2.5,2.7,1,1,2662.482,-0.015255539,1,3,3063.09,0.019030393,11/1/1953 0:00
11/1/1953 0:00,3.5,3.1,2.9,2.7,2.6,2.5,2.5,1,1,,0,0,1,3121.94,0.022312117,12/1/1953 0:00
12/1/1953 0:00,4.5,3.5,3.1,2.9,2.7,2.6,2.5,1,1,,0,0,2,3192.38,0.000710816,1/1/1954 0:00
1/1/1954 0:00,4.9,4.5,3.5,3.1,2.9,2.7,2.6,1,1,2649.755,-0.004791588,1,3,3194.65,0.002847584,2/1/1954 0:00
2/1/1954 0:00,5.2,4.9,4.5,3.5,3.1,2.9,2.7,1,1,,0,0,1,3203.76,0.022224783,3/1/1954 0:00
3/1/1954 0:00,5.7,5.2,4.9,4.5,3.5,3.1,2.9,1,1,,0,0,2,3275.76,-0.005408769,4/1/1954 0:00
4/1/1954 0:00,5.9,5.7,5.2,4.9,4.5,3.5,3.1,1,1,2652.643,0.001089319,1,3,3258.09,0.004880508,5/1/1954 0:00
5/1/1954 0:00,5.9,5.9,5.7,5.2,4.9,4.5,3.5,1,1,,0,0,1,3274.03,-0.012917407,6/1/1954 0:00
6/1/1954 0:00,5.6,5.9,5.9,5.7,5.2,4.9,4.5,1,1,,0,0,2,3232.01,0.006728529,7/1/1954 0:00
7/1/1954 0:00,5.8,5.6,5.9,5.9,5.7,5.2,4.9,1,1,2682.601,0.011230345,1,3,3253.83,0.016831397,8/1/1954 0:00
8/1/1954 0:00,6,5.8,5.6,5.9,5.9,5.7,5.2,1,1,,0,0,1,3309.06,0.019013869,9/1/1954 0:00
9/1/1954 0:00,6.1,6,5.8,5.6,5.9,5.9,5.7,1,1,,0,0,2,3372.58,0.019421279,10/1/1954 0:00
10/1/1954 0:00,5.7,6.1,6,5.8,5.6,5.9,5.9,1,1,2735.091,0.019377861,1,3,3438.72,0.017677945,11/1/1954 0:00
11/1/1954 0:00,5.3,5.7,6.1,6,5.8,5.6,5.9,1,1,,0,0,1,3500.05,0.008996424,12/1/1954 0:00
12/1/1954 0:00,5,5.3,5.7,6.1,6,5.8,5.6,1,1,,0,0,2,3531.68,0.012211078,1/1/1955 0:00
1/1/1955 0:00,4.9,5,5.3,5.7,6.1,6,5.8,1,1,2813.212,0.028162183,1,3,3575.07,0.003284048,2/1/1955 0:00
2/1/1955 0:00,4.7,4.9,5,5.3,5.7,6.1,6,1,1,,0,0,1,3586.83,0.010855793,3/1/1955 0:00
3/1/1955 0:00,4.6,4.7,4.9,5,5.3,5.7,6.1,1,1,,0,0,2,3625.98,0.011159297,4/1/1955 0:00
4/1/1955 0:00,4.7,4.6,4.7,4.9,5,5.3,5.7,1,1,2858.988,0.016140825,1,3,3666.67,0.02174635,5/1/1955 0:00
5/1/1955 0:00,4.3,4.7,4.6,4.7,4.9,5,5.3,1,1,,0,0,1,3747.28,0.006532703,6/1/1955 0:00
6/1/1955 0:00,4.2,4.3,4.7,4.6,4.7,4.9,5,1,1,,0,0,2,3771.84,0.020865983,7/1/1955 0:00
7/1/1955 0:00,4,4.2,4.3,4.7,4.6,4.7,4.9,1,1,2897.598,0.013414402,1,3,3851.37,0.010828198,8/1/1955 0:00
8/1/1955 0:00,4.2,4,4.2,4.3,4.7,4.6,4.7,1,1,,0,0,1,3893.3,0.015500946,9/1/1955 0:00
9/1/1955 0:00,4.1,4.2,4,4.2,4.3,4.7,4.6,1,1,,0,0,2,3954.12,0.003085682,10/1/1955 0:00
10/1/1955 0:00,4.3,4.1,4.2,4,4.2,4.3,4.7,1,1,2914.993,0.005985301,1,3,3966.34,0.023908022,11/1/1955 0:00
11/1/1955 0:00,4.2,4.3,4.1,4.2,4,4.2,4.3,1,1,,0,0,1,4062.31,0.012554073,12/1/1955 0:00
12/1/1955 0:00,4.2,4.2,4.3,4.1,4.2,4,4.2,1,1,,0,0,2,4113.63,0.021989846,1/1/1956 0:00
1/1/1956 0:00,4,4.2,4.2,4.3,4.1,4.2,4,1,1,2903.671,-0.00389162,1,3,4205.09,0.022777361,2/1/1956 0:00
2/1/1956 0:00,3.9,4,4.2,4.2,4.3,4.1,4.2,1,1,,0,0,1,4301.97,0.024050783,3/1/1956 0:00
3/1/1956 0:00,4.2,3.9,4,4.2,4.2,4.3,4.1,1,1,,0,0,2,4406.69,0.003411705,4/1/1956 0:00
4/1/1956 0:00,4,4.2,3.9,4,4.2,4.2,4.3,1,1,2927.665,0.008229378,1,3,4421.75,0.00843159,5/1/1956 0:00
5/1/1956 0:00,4.3,4,4.2,3.9,4,4.2,4.2,1,1,,0,0,1,4459.19,0.008172044,6/1/1956 0:00
6/1/1956 0:00,4.3,4.3,4,4.2,3.9,4,4.2,1,1,,0,0,2,4495.78,0.008815995,7/1/1956 0:00
7/1/1956 0:00,4.4,4.3,4.3,4,4.2,3.9,4,1,1,2925.035,-0.000898731,1,3,4535.59,0.000612742,8/1/1956 0:00
8/1/1956 0:00,4.1,4.4,4.3,4.3,4,4.2,3.9,1,1,,0,0,1,4538.37,0.009417067,9/1/1956 0:00
9/1/1956 0:00,3.9,4.1,4.4,4.3,4.3,4,4.2,1,1,,0,0,2,4581.31,0.00751105,10/1/1956 0:00
10/1/1956 0:00,3.9,3.9,4.1,4.4,4.3,4.3,4,1,1,2973.179,0.016325304,1,3,4615.85,0.020189752,11/1/1956 0:00
11/1/1956 0:00,4.3,3.9,3.9,4.1,4.4,4.3,4.3,1,1,,0,0,1,4709.99,0.016571103,12/1/1956 0:00
12/1/1956 0:00,4.2,4.3,3.9,3.9,4.1,4.4,4.3,1,1,,0,0,2,4788.69,0.007719637,1/1/1957 0:00
1/1/1957 0:00,4.2,4.2,4.3,3.9,3.9,4.1,4.4,1,1,2992.219,0.006383502,1,3,4825.8,0.003925313,2/1/1957 0:00
2/1/1957 0:00,3.9,4.2,4.2,4.3,3.9,3.9,4.1,1,1,,0,0,1,4844.78,0.015528638,3/1/1957 0:00
3/1/1957 0:00,3.7,3.9,4.2,4.2,4.3,3.9,3.9,1,1,,0,0,2,4920.6,0.003035667,4/1/1957 0:00
4/1/1957 0:00,3.9,3.7,3.9,4.2,4.2,4.3,3.9,1,1,2985.663,-0.00219342,1,3,4935.56,0.006583409,5/1/1957 0:00
5/1/1957 0:00,4.1,3.9,3.7,3.9,4.2,4.2,4.3,1,1,,0,0,1,4968.16,-0.004886966,6/1/1957 0:00
6/1/1957 0:00,4.3,4.1,3.9,3.7,3.9,4.2,4.2,1,1,,0,0,2,4943.94,-0.001487775,7/1/1957 0:00
7/1/1957 0:00,4.2,4.3,4.1,3.9,3.7,3.9,4.2,1,1,3014.919,0.009751131,1,3,4936.59,0.001419001,8/1/1957 0:00
8/1/1957 0:00,4.1,4.2,4.3,4.1,3.9,3.7,3.9,1,1,,0,0,1,4943.6,0.009173748,9/1/1957 0:00
9/1/1957 0:00,4.4,4.1,4.2,4.3,4.1,3.9,3.7,1,1,,0,0,2,4989.16,-0.010775078,10/1/1957 0:00
10/1/1957 0:00,4.5,4.4,4.1,4.2,4.3,4.1,3.9,1,1,2983.727,-0.010399774,1,3,4935.69,0.026799026,11/1/1957 0:00
11/1/1957 0:00,5.1,4.5,4.4,4.1,4.2,4.3,4.1,1,1,,0,0,1,5069.75,0.005395939,12/1/1957 0:00
12/1/1957 0:00,5.2,5.1,4.5,4.4,4.1,4.2,4.3,1,1,,0,0,2,5097.18,0.008196359,1/1/1958 0:00
1/1/1958 0:00,5.8,5.2,5.1,4.5,4.4,4.1,4.2,1,1,2906.274,-0.026301342,1,3,5139.13,0.002353658,2/1/1958 0:00
2/1/1958 0:00,6.4,5.8,5.2,5.1,4.5,4.4,4.1,1,1,,0,0,1,5151.24,0.0182227,3/1/1958 0:00
3/1/1958 0:00,6.7,6.4,5.8,5.2,5.1,4.5,4.4,1,1,,0,0,2,5245.97,0.022445533,4/1/1958 0:00
4/1/1958 0:00,7.4,6.7,6.4,5.8,5.2,5.1,4.5,1,1,2925.379,0.006552197,1,3,5365.05,0.009398293,5/1/1958 0:00
5/1/1958 0:00,7.4,7.4,6.7,6.4,5.8,5.2,5.1,1,1,,0,0,1,5415.71,0.016607063,6/1/1958 0:00
6/1/1958 0:00,7.3,7.4,7.4,6.7,6.4,5.8,5.2,1,1,,0,0,2,5506.4,0.024446306,7/1/1958 0:00
7/1/1958 0:00,7.5,7.3,7.4,7.4,6.7,6.4,5.8,1,1,2993.068,0.022874903,1,3,5642.67,0.010827857,8/1/1958 0:00
8/1/1958 0:00,7.4,7.5,7.3,7.4,7.4,6.7,6.4,1,1,,0,0,1,5704.1,-0.005273254,9/1/1958 0:00
9/1/1958 0:00,7.1,7.4,7.5,7.3,7.4,7.4,6.7,1,1,,0,0,2,5674.1,0.009447486,10/1/1958 0:00
10/1/1958 0:00,6.7,7.1,7.4,7.5,7.3,7.4,7.4,1,1,3063.085,0.02312363,1,3,5727.96,-0.008635352,11/1/1958 0:00
11/1/1958 0:00,6.2,6.7,7.1,7.4,7.5,7.3,7.4,1,1,,0,0,1,5678.71,0.002374479,12/1/1958 0:00
12/1/1958 0:00,6.2,6.2,6.7,7.1,7.4,7.5,7.3,1,1,,0,0,2,5692.21,-0.009496463,1/1/1959 0:00
1/1/1959 0:00,6,6.2,6.2,6.7,7.1,7.4,7.5,1,1,3121.936,0.019030744,1,3,5638.41,-0.003888075,2/1/1959 0:00
2/1/1959 0:00,5.9,6,6.2,6.2,6.7,7.1,7.4,1,1,,0,0,1,5616.53,-0.012247694,3/1/1959 0:00
3/1/1959 0:00,5.6,5.9,6,6.2,6.2,6.7,7.1,1,1,,0,0,2,5548.16,0.007119309,4/1/1959 0:00
4/1/1959 0:00,5.2,5.6,5.9,6,6.2,6.2,6.7,1,1,3192.38,0.022313398,1,3,5587.8,0.016971033,5/1/1959 0:00
5/1/1959 0:00,5.1,5.2,5.6,5.9,6,6.2,6.2,1,1,,0,0,1,5683.44,0.013375583,6/1/1959 0:00
6/1/1959 0:00,5,5.1,5.2,5.6,5.9,6,6.2,1,1,,0,0,2,5759.97,0.022238838,7/1/1959 0:00
7/1/1959 0:00,5.1,5,5.1,5.2,5.6,5.9,6,1,1,3194.653,0.000711755,1,3,5889.5,0.007310003,8/1/1959 0:00
8/1/1959 0:00,5.2,5.1,5,5.1,5.2,5.6,5.9,1,1,,0,0,1,5932.71,0.005473212,9/1/1959 0:00
9/1/1959 0:00,5.5,5.2,5.1,5,5.1,5.2,5.6,1,1,,0,0,2,5965.27,0.007220815,10/1/1959 0:00
10/1/1959 0:00,5.7,5.5,5.2,5.1,5,5.1,5.2,1,1,3203.759,0.002846333,1,3,6008.5,0.011745678,11/1/1959 0:00
11/1/1959 0:00,5.8,5.7,5.5,5.2,5.1,5,5.1,1,1,,0,0,1,6079.49,0.019255831,12/1/1959 0:00
12/1/1959 0:00,5.3,5.8,5.7,5.5,5.2,5.1,5,1,1,,0,0,2,6197.69,0.017881377,1/1/1960 0:00
1/1/1960 0:00,5.2,5.3,5.8,5.7,5.5,5.2,5.1,1,1,3275.757,0.02222418,1,3,6309.51,2.22E-05,2/1/1960 0:00
2/1/1960 0:00,4.8,5.2,5.3,5.8,5.7,5.5,5.2,1,1,,0,0,1,6309.65,0.003186853,3/1/1960 0:00
3/1/1960 0:00,5.4,4.8,5.2,5.3,5.8,5.7,5.5,1,1,,0,0,2,6329.79,0.037914738,4/1/1960 0:00
4/1/1960 0:00,5.2,5.4,4.8,5.2,5.3,5.8,5.7,1,1,3258.088,-0.005408467,1,3,6574.39,0.010005464,5/1/1960 0:00
5/1/1960 0:00,5.1,5.2,5.4,4.8,5.2,5.3,5.8,1,1,,0,0,1,6640.5,0.01335222,6/1/1960 0:00
6/1/1960 0:00,5.4,5.1,5.2,5.4,4.8,5.2,5.3,1,1,,0,0,2,6729.76,0.001794886,7/1/1960 0:00
7/1/1960 0:00,5.5,5.4,5.1,5.2,5.4,4.8,5.2,1,1,3274.029,0.004880816,1,3,6741.85,0.001068868,8/1/1960 0:00
8/1/1960 0:00,5.6,5.5,5.4,5.1,5.2,5.4,4.8,1,1,,0,0,1,6749.06,0.007401722,9/1/1960 0:00
9/1/1960 0:00,5.5,5.6,5.5,5.4,5.1,5.2,5.4,1,1,,0,0,2,6799.2,0.002497174,10/1/1960 0:00
10/1/1960 0:00,6.1,5.5,5.6,5.5,5.4,5.1,5.2,1,1,3232.009,-0.012917411,1,3,6816.2,0.003140511,11/1/1960 0:00
11/1/1960 0:00,6.1,6.1,5.5,5.6,5.5,5.4,5.1,1,1,,0,0,1,6837.64,-0.020820309,12/1/1960 0:00
12/1/1960 0:00,6.6,6.1,6.1,5.5,5.6,5.5,5.4,1,1,,0,0,2,6696.75,-0.001189343,1/1/1961 0:00
1/1/1961 0:00,6.6,6.6,6.1,6.1,5.5,5.6,5.5,1,1,3253.826,0.006727609,1,3,6688.79,0.01847735,2/1/1961 0:00
2/1/1961 0:00,6.9,6.6,6.6,6.1,6.1,5.5,5.6,1,1,,0,0,1,6813.53,0.019405328,3/1/1961 0:00
3/1/1961 0:00,6.9,6.9,6.6,6.6,6.1,6.1,5.5,1,1,,0,0,2,6947.04,-0.007437943,4/1/1961 0:00
4/1/1961 0:00,7,6.9,6.9,6.6,6.6,6.1,6.1,1,1,3309.059,0.016832324,1,3,6895.56,0.011904679,5/1/1961 0:00
5/1/1961 0:00,7.1,7,6.9,6.9,6.6,6.6,6.1,1,1,,0,0,1,6978.14,-0.010956692,6/1/1961 0:00
6/1/1961 0:00,6.9,7.1,7,6.9,6.9,6.6,6.6,1,1,,0,0,2,6902.1,-0.015656326,7/1/1961 0:00
7/1/1961 0:00,7,6.9,7.1,7,6.9,6.9,6.6,1,1,3372.581,0.019014468,1,3,6794.88,0.004551883,8/1/1961 0:00
8/1/1961 0:00,6.6,7,6.9,7.1,7,6.9,6.9,1,1,,0,0,1,6825.88,-0.003831012,9/1/1961 0:00
9/1/1961 0:00,6.7,6.6,7,6.9,7.1,7,6.9,1,1,,0,0,2,6799.78,0.000399933,10/1/1961 0:00
10/1/1961 0:00,6.5,6.7,6.6,7,6.9,7.1,7,1,1,3438.721,0.019421273,1,3,6802.5,0.01309144,11/1/1961 0:00
11/1/1961 0:00,6.1,6.5,6.7,6.6,7,6.9,7.1,1,1,,0,0,1,6892.14,0.022501294,12/1/1961 0:00
12/1/1961 0:00,6,6.1,6.5,6.7,6.6,7,6.9,1,1,,0,0,2,7048.98,0.019794338,1/1/1962 0:00
1/1/1962 0:00,5.8,6,6.1,6.5,6.7,6.6,7,1,1,3500.054,0.017678797,1,3,7189.9,0.020646593,2/1/1962 0:00
2/1/1962 0:00,5.5,5.8,6,6.1,6.5,6.7,6.6,1,1,,0,0,1,7339.89,0.019359369,3/1/1962 0:00
3/1/1962 0:00,5.6,5.5,5.8,6,6.1,6.5,6.7,1,1,,0,0,2,7483.37,0.017130739,4/1/1962 0:00
4/1/1962 0:00,5.6,5.6,5.5,5.8,6,6.1,6.5,1,1,3531.683,0.008996131,1,3,7612.67,0.009594334,5/1/1962 0:00
5/1/1962 0:00,5.5,5.6,5.6,5.5,5.8,6,6.1,1,1,,0,0,1,7686.06,0.008174861,6/1/1962 0:00
6/1/1962 0:00,5.5,5.5,5.6,5.6,5.5,5.8,6,1,1,,0,0,2,7749.15,0.009644725,7/1/1962 0:00
7/1/1962 0:00,5.4,5.5,5.5,5.6,5.6,5.5,5.8,1,1,3575.07,0.012210229,1,3,7824.25,0.008766143,8/1/1962 0:00
8/1/1962 0:00,5.7,5.4,5.5,5.5,5.6,5.6,5.5,1,1,,0,0,1,7893.14,0.015154806,9/1/1962 0:00
9/1/1962 0:00,5.6,5.7,5.4,5.5,5.5,5.6,5.6,1,1,,0,0,2,8013.67,0.007406055,10/1/1962 0:00
10/1/1962 0:00,5.4,5.6,5.7,5.4,5.5,5.5,5.6,1,1,3586.827,0.003283211,1,3,8073.24,0.009291245,11/1/1962 0:00
11/1/1962 0:00,5.7,5.4,5.6,5.7,5.4,5.5,5.5,1,1,,0,0,1,8148.6,0.004493729,12/1/1962 0:00
12/1/1962 0:00,5.5,5.7,5.4,5.6,5.7,5.4,5.5,1,1,,0,0,2,8185.3,0.009525306,1/1/1963 0:00
1/1/1963 0:00,5.7,5.5,5.7,5.4,5.6,5.7,5.4,1,1,3625.981,0.010856905,1,3,8263.64,0.005356145,2/1/1963 0:00
2/1/1963 0:00,5.9,5.7,5.5,5.7,5.4,5.6,5.7,1,1,,0,0,1,8308.02,0.007424208,3/1/1963 0:00
3/1/1963 0:00,5.7,5.9,5.7,5.5,5.7,5.4,5.6,1,1,,0,0,2,8369.93,0.010730839,4/1/1963 0:00
4/1/1963 0:00,5.7,5.7,5.9,5.7,5.5,5.7,5.4,1,1,3666.669,0.011158748,1,3,8460.23,0.00863964,5/1/1963 0:00
5/1/1963 0:00,5.9,5.7,5.7,5.9,5.7,5.5,5.7,1,1,,0,0,1,8533.64,0.017023962,6/1/1963 0:00
6/1/1963 0:00,5.6,5.9,5.7,5.7,5.9,5.7,5.5,1,1,,0,0,2,8680.16,0.005153653,7/1/1963 0:00
7/1/1963 0:00,5.6,5.6,5.9,5.7,5.7,5.9,5.7,1,1,3747.278,0.021746089,1,3,8725.01,0.013052538,8/1/1963 0:00
8/1/1963 0:00,5.4,5.6,5.6,5.9,5.7,5.7,5.9,1,1,,0,0,1,8839.64,0.00584174,9/1/1963 0:00
9/1/1963 0:00,5.5,5.4,5.6,5.6,5.9,5.7,5.7,1,1,,0,0,2,8891.43,0.013237191,10/1/1963 0:00
10/1/1963 0:00,5.5,5.5,5.4,5.6,5.6,5.9,5.7,1,1,3771.845,0.006534562,1,3,9009.91,0.010115251,11/1/1963 0:00
11/1/1963 0:00,5.7,5.5,5.5,5.4,5.6,5.6,5.9,1,1,,0,0,1,9101.51,0.007603817,12/1/1963 0:00
12/1/1963 0:00,5.5,5.7,5.5,5.5,5.4,5.6,5.6,1,1,,0,0,2,9170.98,0.007380845,1/1/1964 0:00
1/1/1964 0:00,5.6,5.5,5.7,5.5,5.5,5.4,5.6,1,1,3851.366,0.020863619,1,3,9238.92,0.00196907,2/1/1964 0:00
2/1/1964 0:00,5.4,5.6,5.5,5.7,5.5,5.5,5.4,1,1,,0,0,1,9257.13,0.010868516,3/1/1964 0:00
3/1/1964 0:00,5.4,5.4,5.6,5.5,5.7,5.5,5.5,1,1,,0,0,2,9358.29,0.0036223,4/1/1964 0:00
4/1/1964 0:00,5.3,5.4,5.4,5.6,5.5,5.7,5.5,1,1,3893.296,0.010828209,1,3,9392.25,0.000665221,5/1/1964 0:00
5/1/1964 0:00,5.1,5.3,5.4,5.4,5.6,5.5,5.7,1,1,,0,0,1,9398.5,-0.009145271,6/1/1964 0:00
6/1/1964 0:00,5.2,5.1,5.3,5.4,5.4,5.6,5.5,1,1,,0,0,2,9312.94,-0.004689415,7/1/1964 0:00
7/1/1964 0:00,4.9,5.2,5.1,5.3,5.4,5.4,5.6,1,1,3954.121,0.015502227,1,3,9269.37,0.00776641,8/1/1964 0:00
8/1/1964 0:00,5,4.9,5.2,5.1,5.3,5.4,5.4,1,1,,0,0,1,9341.64,0.005039924,9/1/1964 0:00
9/1/1964 0:00,5.1,5,4.9,5.2,5.1,5.3,5.4,1,1,,0,0,2,9388.84,0.003479991,10/1/1964 0:00
10/1/1964 0:00,5.1,5.1,5,4.9,5.2,5.1,5.3,1,1,3966.335,0.003084168,1,3,9421.57,0.011899325,11/1/1964 0:00
11/1/1964 0:00,4.8,5.1,5.1,5,4.9,5.2,5.1,1,1,,0,0,1,9534.35,0.010784537,12/1/1964 0:00
12/1/1964 0:00,5,4.8,5.1,5.1,5,4.9,5.2,1,1,,0,0,2,9637.73,0.009834515,1/1/1965 0:00
1/1/1965 0:00,4.9,5,4.8,5.1,5.1,5,4.9,1,1,4062.311,0.023909529,1,3,9732.98,0.01037751,2/1/1965 0:00
2/1/1965 0:00,5.1,4.9,5,4.8,5.1,5.1,5,1,1,,0,0,1,9834.51,0.001672299,3/1/1965 0:00
3/1/1965 0:00,4.7,5.1,4.9,5,4.8,5.1,5.1,1,1,,0,0,2,9850.97,0.005807909,4/1/1965 0:00
4/1/1965 0:00,4.8,4.7,5.1,4.9,5,4.8,5.1,1,1,4113.629,0.012553584,1,3,9908.35,0.004761389,5/1/1965 0:00
5/1/1965 0:00,4.6,4.8,4.7,5.1,4.9,5,4.8,1,1,,0,0,1,9955.64,0.013504713,6/1/1965 0:00
6/1/1965 0:00,4.6,4.6,4.8,4.7,5.1,4.9,5,1,1,,0,0,2,10091,0.00966477,7/1/1965 0:00
7/1/1965 0:00,4.4,4.6,4.6,4.8,4.7,5.1,4.9,1,1,4205.086,0.021989138,1,3,10189,0.013453118,8/1/1965 0:00
8/1/1965 0:00,4.4,4.4,4.6,4.6,4.8,4.7,5.1,1,1,,0,0,1,10327,0.005831708,9/1/1965 0:00
9/1/1965 0:00,4.3,4.4,4.4,4.6,4.6,4.8,4.7,1,1,,0,0,2,10387.4,0.011391062,10/1/1965 0:00
10/1/1965 0:00,4.2,4.3,4.4,4.4,4.6,4.6,4.8,1,1,4301.973,0.02277901,1,3,10506.4,0.003534445,11/1/1965 0:00
11/1/1965 0:00,4.1,4.2,4.3,4.4,4.4,4.6,4.6,1,1,,0,0,1,10543.6,0.00298314,12/1/1965 0:00
12/1/1965 0:00,4,4.1,4.2,4.3,4.4,4.4,4.6,1,1,,0,0,2,10575.1,0.008474547,1/1/1966 0:00
1/1/1966 0:00,4,4,4.1,4.2,4.3,4.4,4.4,1,1,4406.693,0.024050767,1,3,10665.1,0.006765559,2/1/1966 0:00
2/1/1966 0:00,3.8,4,4,4.1,4.2,4.3,4.4,1,1,,0,0,1,10737.5,0.007459882,3/1/1966 0:00
3/1/1966 0:00,3.8,3.8,4,4,4.1,4.2,4.3,1,1,,0,0,2,10817.9,0.016538546,4/1/1966 0:00
4/1/1966 0:00,3.8,3.8,3.8,4,4,4.1,4.2,1,1,4421.747,0.003410345,1,3,10998.3,0.008934086,5/1/1966 0:00
5/1/1966 0:00,3.9,3.8,3.8,3.8,4,4,4.1,1,1,,0,0,1,11097,0.01032767,6/1/1966 0:00
6/1/1966 0:00,3.8,3.9,3.8,3.8,3.8,4,4,1,1,,0,0,2,11212.2,0.006436493,7/1/1966 0:00
7/1/1966 0:00,3.8,3.8,3.9,3.8,3.8,3.8,4,1,1,4459.195,0.00843339,1,3,11284.6,0.016479036,8/1/1966 0:00
8/1/1966 0:00,3.8,3.8,3.8,3.9,3.8,3.8,3.8,1,1,,0,0,1,11472.1,0.012431022,9/1/1966 0:00
9/1/1966 0:00,3.7,3.8,3.8,3.8,3.9,3.8,3.8,1,1,,0,0,2,11615.6,0.008555193,10/1/1966 0:00
10/1/1966 0:00,3.7,3.7,3.8,3.8,3.8,3.9,3.8,1,1,4495.777,0.008170255,1,3,11715.4,0.009945767,11/1/1966 0:00
11/1/1966 0:00,3.6,3.7,3.7,3.8,3.8,3.8,3.9,1,1,,0,0,1,11832.5,0.009211615,12/1/1966 0:00
12/1/1966 0:00,3.8,3.6,3.7,3.7,3.8,3.8,3.8,1,1,,0,0,2,11942,0.012449399,1/1/1967 0:00
1/1/1967 0:00,3.9,3.8,3.6,3.7,3.7,3.8,3.8,1,1,4535.591,0.008816883,1,3,12091.6,0.016030796,2/1/1967 0:00
2/1/1967 0:00,3.8,3.9,3.8,3.6,3.7,3.7,3.8,1,1,,0,0,1,12287,0.009420773,3/1/1967 0:00
3/1/1967 0:00,3.8,3.8,3.9,3.8,3.6,3.7,3.7,1,1,,0,0,2,12403.3,0.007662073,4/1/1967 0:00
4/1/1967 0:00,3.8,3.8,3.8,3.9,3.8,3.6,3.7,1,1,4538.37,0.000612522,1,3,12498.7,0.013012333,5/1/1967 0:00
5/1/1967 0:00,3.8,3.8,3.8,3.8,3.9,3.8,3.6,1,1,,0,0,1,12662.4,0.016852396,6/1/1967 0:00
6/1/1967 0:00,3.9,3.8,3.8,3.8,3.8,3.9,3.8,1,1,,0,0,2,12877.6,0.003612155,7/1/1967 0:00
7/1/1967 0:00,3.8,3.9,3.8,3.8,3.8,3.8,3.9,1,1,4581.309,0.009416848,1,3,12924.2,0.018141191,8/1/1967 0:00
8/1/1967 0:00,3.8,3.8,3.9,3.8,3.8,3.8,3.8,1,1,,0,0,1,13160.8,0.001336411,9/1/1967 0:00
9/1/1967 0:00,3.8,3.8,3.8,3.9,3.8,3.8,3.8,1,1,,0,0,2,13178.4,0.006210566,10/1/1967 0:00
10/1/1967 0:00,4,3.8,3.8,3.8,3.9,3.8,3.8,1,1,4615.853,0.007511918,1,3,13260.5,-0.002854642,11/1/1967 0:00
11/1/1967 0:00,3.9,4,3.8,3.8,3.8,3.9,3.8,1,1,,0,0,1,13222.7,0.005828986,12/1/1967 0:00
12/1/1967 0:00,3.8,3.9,4,3.8,3.8,3.8,3.9,1,1,,0,0,2,13300,-0.004159013,1/1/1968 0:00
1/1/1968 0:00,3.7,3.8,3.9,4,3.8,3.8,3.8,1,1,4709.993,0.020189739,1,3,13244.8,0.00272189,2/1/1968 0:00
2/1/1968 0:00,3.8,3.7,3.8,3.9,4,3.8,3.8,1,1,,0,0,1,13280.9,0.008703888,3/1/1968 0:00
3/1/1968 0:00,3.7,3.8,3.7,3.8,3.9,4,3.8,1,1,,0,0,2,13397,0.006042764,4/1/1968 0:00
4/1/1968 0:00,3.5,3.7,3.8,3.7,3.8,3.9,4,1,1,4788.688,0.016570048,1,3,13478.2,0.004434367,5/1/1968 0:00
5/1/1968 0:00,3.5,3.5,3.7,3.8,3.7,3.8,3.9,1,1,,0,0,1,13538.1,0.001542601,6/1/1968 0:00
6/1/1968 0:00,3.7,3.5,3.5,3.7,3.8,3.7,3.8,1,1,,0,0,2,13559,0.005538143,7/1/1968 0:00
7/1/1968 0:00,3.7,3.7,3.5,3.5,3.7,3.8,3.7,1,1,4825.799,0.007719847,1,3,13634.3,0.008559233,8/1/1968 0:00
8/1/1968 0:00,3.5,3.7,3.7,3.5,3.5,3.7,3.8,1,1,,0,0,1,13751.5,0.016844568,9/1/1968 0:00
9/1/1968 0:00,3.4,3.5,3.7,3.7,3.5,3.5,3.7,1,1,,0,0,2,13985.1,0.011411145,10/1/1968 0:00
10/1/1968 0:00,3.4,3.4,3.5,3.7,3.7,3.5,3.5,1,1,4844.779,0.003925313,1,3,14145.6,0.005323156,11/1/1968 0:00
11/1/1968 0:00,3.4,3.4,3.4,3.5,3.7,3.7,3.5,1,1,,0,0,1,14221.1,0.007593572,12/1/1968 0:00
12/1/1968 0:00,3.4,3.4,3.4,3.4,3.5,3.7,3.7,1,1,,0,0,2,14329.5,0.009411589,1/1/1969 0:00
1/1/1969 0:00,3.4,3.4,3.4,3.4,3.4,3.5,3.7,1,1,4920.605,0.01552986,1,3,14465,0.009967443,2/1/1969 0:00
2/1/1969 0:00,3.4,3.4,3.4,3.4,3.4,3.4,3.5,1,1,,0,0,1,14609.9,0.011007037,3/1/1969 0:00
3/1/1969 0:00,3.4,3.4,3.4,3.4,3.4,3.4,3.4,1,1,,0,0,2,14771.6,0.004606342,4/1/1969 0:00
4/1/1969 0:00,3.4,3.4,3.4,3.4,3.4,3.4,3.4,1,1,4935.564,0.003035462,1,3,14839.8,0.008875709,5/1/1969 0:00
5/1/1969 0:00,3.4,3.4,3.4,3.4,3.4,3.4,3.4,1,1,,0,0,1,14972.1,0.006291904,6/1/1969 0:00
6/1/1969 0:00,3.5,3.4,3.4,3.4,3.4,3.4,3.4,1,1,,0,0,2,15066.6,0.013213263,7/1/1969 0:00
7/1/1969 0:00,3.5,3.5,3.4,3.4,3.4,3.4,3.4,1,1,4968.164,0.006583403,1,3,15267,0.002335647,8/1/1969 0:00
8/1/1969 0:00,3.5,3.5,3.5,3.4,3.4,3.4,3.4,1,1,,0,0,1,15302.7,0.001547548,9/1/1969 0:00
9/1/1969 0:00,3.7,3.5,3.5,3.5,3.4,3.4,3.4,1,1,,0,0,2,15326.4,0.008478674,10/1/1969 0:00
10/1/1969 0:00,3.7,3.7,3.5,3.5,3.5,3.4,3.4,1,1,4943.935,-0.004888783,1,3,15456.9,0.002352167,11/1/1969 0:00
11/1/1969 0:00,3.5,3.7,3.7,3.5,3.5,3.5,3.4,1,1,,0,0,1,15493.3,0.005715147,12/1/1969 0:00
12/1/1969 0:00,3.5,3.5,3.7,3.7,3.5,3.5,3.5,1,1,,0,0,2,15582.1,0.005414621,1/1/1970 0:00
1/1/1970 0:00,3.9,3.5,3.5,3.7,3.7,3.5,3.5,1,1,4936.594,-0.001485953,1,3,15666.7,0.006064539,2/1/1970 0:00
2/1/1970 0:00,4.2,3.9,3.5,3.5,3.7,3.7,3.5,1,1,,0,0,1,15762,-0.005764585,3/1/1970 0:00
3/1/1970 0:00,4.4,4.2,3.9,3.5,3.5,3.7,3.7,1,1,,0,0,2,15671.4,0.005148991,4/1/1970 0:00
4/1/1970 0:00,4.6,4.4,4.2,3.9,3.5,3.5,3.7,1,1,4943.6,0.001418191,1,3,15752.3,-0.005429797,5/1/1970 0:00
5/1/1970 0:00,4.8,4.6,4.4,4.2,3.9,3.5,3.5,1,1,,0,0,1,15667,-0.021875368,6/1/1970 0:00
6/1/1970 0:00,4.9,4.8,4.6,4.4,4.2,3.9,3.5,1,1,,0,0,2,15328,-0.011291326,7/1/1970 0:00
7/1/1970 0:00,5,4.9,4.8,4.6,4.4,4.2,3.9,1,1,4989.159,0.009173548,1,3,15155.9,-0.001439419,8/1/1970 0:00
8/1/1970 0:00,5.1,5,4.9,4.8,4.6,4.4,4.2,1,1,,0,0,1,15134.1,0.003634173,9/1/1970 0:00
9/1/1970 0:00,5.4,5.1,5,4.9,4.8,4.6,4.4,1,1,,0,0,2,15189.2,0.01092814,10/1/1970 0:00
10/1/1970 0:00,5.5,5.4,5.1,5,4.9,4.8,4.6,1,1,4935.693,-0.01077427,1,3,15356.1,0.003834759,11/1/1970 0:00
11/1/1970 0:00,5.9,5.5,5.4,5.1,5,4.9,4.8,1,1,,0,0,1,15415.1,0.009182433,12/1/1970 0:00
12/1/1970 0:00,6.1,5.9,5.5,5.4,5.1,5,4.9,1,1,,0,0,2,15557.3,0.007345699,1/1/1971 0:00
1/1/1971 0:00,5.9,6.1,5.9,5.5,5.4,5.1,5,1,1,5069.746,0.026797629,1,3,15672,0.005002779,2/1/1971 0:00
2/1/1971 0:00,5.9,5.9,6.1,5.9,5.5,5.4,5.1,1,1,,0,0,1,15750.6,-0.002402793,3/1/1971 0:00
3/1/1971 0:00,6,5.9,5.9,6.1,5.9,5.5,5.4,1,1,,0,0,2,15712.8,0.00712162,4/1/1971 0:00
4/1/1971 0:00,5.9,6,5.9,5.9,6.1,5.9,5.5,1,1,5097.179,0.005396532,1,3,15825.1,-0.000278078,5/1/1971 0:00
5/1/1971 0:00,5.9,5.9,6,5.9,5.9,6.1,5.9,1,1,,0,0,1,15820.7,0.01152573,6/1/1971 0:00
6/1/1971 0:00,5.9,5.9,5.9,6,5.9,5.9,6.1,1,1,,0,0,2,16004.1,0.007798754,7/1/1971 0:00
7/1/1971 0:00,6,5.9,5.9,5.9,6,5.9,5.9,1,1,5139.128,0.008196166,1,3,16129.4,0.004293472,8/1/1971 0:00
8/1/1971 0:00,6.1,6,5.9,5.9,5.9,6,5.9,1,1,,0,0,1,16198.8,0.001351039,9/1/1971 0:00
9/1/1971 0:00,6,6.1,6,5.9,5.9,5.9,6,1,1,,0,0,2,16220.7,0.00113371,10/1/1971 0:00
10/1/1971 0:00,5.8,6,6.1,6,5.9,5.9,5.9,1,1,5151.245,0.002355018,1,3,16239.1,0.008822297,11/1/1971 0:00
11/1/1971 0:00,6,5.8,6,6.1,6,5.9,5.9,1,1,,0,0,1,16383,0.001232226,12/1/1971 0:00
12/1/1971 0:00,6,6,5.8,6,6.1,6,5.9,1,1,,0,0,2,16403.2,0.007803312,1/1/1972 0:00
1/1/1972 0:00,5.8,6,6,5.8,6,6.1,6,1,1,5245.974,0.018222492,1,3,16531.7,0.00794695,2/1/1972 0:00
2/1/1972 0:00,5.7,5.8,6,6,5.8,6,6.1,1,1,,0,0,1,16663.6,-0.002517629,3/1/1972 0:00
3/1/1972 0:00,5.8,5.7,5.8,6,6,5.8,6,1,1,,0,0,2,16621.7,0.012459879,4/1/1972 0:00
4/1/1972 0:00,5.7,5.8,5.7,5.8,6,6,5.8,1,1,5365.045,0.022443838,1,3,16830.1,0.012018914,5/1/1972 0:00
5/1/1972 0:00,5.7,5.7,5.8,5.7,5.8,6,6,1,1,,0,0,1,17033.6,0.004703135,6/1/1972 0:00
6/1/1972 0:00,5.7,5.7,5.7,5.8,5.7,5.8,6,1,1,,0,0,2,17113.9,0.008193571,7/1/1972 0:00
7/1/1972 0:00,5.6,5.7,5.7,5.7,5.8,5.7,5.8,1,1,5415.712,0.009399595,1,3,17254.7,0.008213207,8/1/1972 0:00
8/1/1972 0:00,5.6,5.6,5.7,5.7,5.7,5.8,5.7,1,1,,0,0,1,17397,0.002399831,9/1/1972 0:00
9/1/1972 0:00,5.5,5.6,5.6,5.7,5.7,5.7,5.8,1,1,,0,0,2,17438.8,0.000997278,10/1/1972 0:00
10/1/1972 0:00,5.6,5.5,5.6,5.6,5.7,5.7,5.7,1,1,5506.396,0.016605967,1,3,17456.2,0.003842244,11/1/1972 0:00
11/1/1972 0:00,5.3,5.6,5.5,5.6,5.6,5.7,5.7,1,1,,0,0,1,17523.4,0.005639364,12/1/1972 0:00
12/1/1972 0:00,5.2,5.3,5.6,5.5,5.6,5.6,5.7,1,1,,0,0,2,17622.5,0.004766604,1/1/1973 0:00
1/1/1973 0:00,4.9,5.2,5.3,5.6,5.5,5.6,5.6,1,1,5642.669,0.024446855,1,3,17706.7,0.004367324,2/1/1973 0:00
2/1/1973 0:00,5,4.9,5.2,5.3,5.6,5.5,5.6,1,1,,0,0,1,17784.2,0.004421112,3/1/1973 0:00
3/1/1973 0:00,4.9,5,4.9,5.2,5.3,5.6,5.5,1,1,,0,0,2,17863,0.007373521,4/1/1973 0:00
4/1/1973 0:00,5,4.9,5,4.9,5.2,5.3,5.6,1,1,5704.098,0.010827683,1,3,17995.2,0.006955394,5/1/1973 0:00
5/1/1973 0:00,4.9,5,4.9,5,4.9,5.2,5.3,1,1,,0,0,1,18120.8,0.005667982,6/1/1973 0:00
6/1/1973 0:00,4.9,4.9,5,4.9,5,4.9,5.2,1,1,,0,0,2,18223.8,0.005483244,7/1/1973 0:00
7/1/1973 0:00,4.8,4.9,4.9,5,4.9,5,4.9,1,1,5674.1,-0.005272903,1,3,18324,0.010185887,8/1/1973 0:00
8/1/1973 0:00,4.8,4.8,4.9,4.9,5,4.9,5,1,1,,0,0,1,18511.6,0.00825255,9/1/1973 0:00
9/1/1973 0:00,4.8,4.8,4.8,4.9,4.9,5,4.9,1,1,,0,0,2,18665,0.005359307,10/1/1973 0:00
10/1/1973 0:00,4.6,4.8,4.8,4.8,4.9,4.9,5,1,1,5727.96,0.009447486,1,3,18765.3,#NUM!,11/1/1973 0:00
11/1/1973 0:00,4.8,4.6,4.8,4.8,4.8,4.9,4.9,1,1,,0,0,1,,,12/1/1973 0:00
12/1/1973 0:00,4.9,4.8,4.6,4.8,4.8,4.8,4.9,1,1,,0,0,2,,,1/1/1974 0:00
1/1/1974 0:00,5.1,4.9,4.8,4.6,4.8,4.8,4.8,1,1,5678.713,-0.008634824,1,3,,,2/1/1974 0:00
2/1/1974 0:00,5.2,5.1,4.9,4.8,4.6,4.8,4.8,1,1,,0,0,1,,,3/1/1974 0:00
3/1/1974 0:00,5.1,5.2,5.1,4.9,4.8,4.6,4.8,1,1,,0,0,2,,,4/1/1974 0:00
4/1/1974 0:00,5.1,5.1,5.2,5.1,4.9,4.8,4.6,1,1,5692.21,0.002373951,1,3,,,5/1/1974 0:00
5/1/1974 0:00,5.1,5.1,5.1,5.2,5.1,4.9,4.8,1,1,,0,0,1,,,6/1/1974 0:00
6/1/1974 0:00,5.4,5.1,5.1,5.1,5.2,5.1,4.9,1,1,,0,0,2,,,7/1/1974 0:00
7/1/1974 0:00,5.5,5.4,5.1,5.1,5.1,5.2,5.1,1,1,5638.411,-0.009496285,1,3,,,8/1/1974 0:00
8/1/1974 0:00,5.5,5.5,5.4,5.1,5.1,5.1,5.2,1,1,,0,0,1,,,9/1/1974 0:00
9/1/1974 0:00,5.9,5.5,5.5,5.4,5.1,5.1,5.1,1,1,,0,0,2,,,10/1/1974 0:00
10/1/1974 0:00,6,5.9,5.5,5.5,5.4,5.1,5.1,1,1,5616.526,-0.003888965,1,3,,,11/1/1974 0:00
11/1/1974 0:00,6.6,6,5.9,5.5,5.5,5.4,5.1,1,1,,0,0,1,,,12/1/1974 0:00
12/1/1974 0:00,7.2,6.6,6,5.9,5.5,5.5,5.4,1,1,,0,0,2,,,1/1/1975 0:00
1/1/1975 0:00,8.1,7.2,6.6,6,5.9,5.5,5.5,1,1,5548.156,-0.012247703,1,3,,,2/1/1975 0:00
2/1/1975 0:00,8.1,8.1,7.2,6.6,6,5.9,5.5,1,1,,0,0,1,,,3/1/1975 0:00
3/1/1975 0:00,8.6,8.1,8.1,7.2,6.6,6,5.9,1,1,,0,0,2,,,4/1/1975 0:00
4/1/1975 0:00,8.8,8.6,8.1,8.1,7.2,6.6,6,1,1,5587.8,0.007120029,1,3,,,5/1/1975 0:00
5/1/1975 0:00,9,8.8,8.6,8.1,8.1,7.2,6.6,1,1,,0,0,1,,,6/1/1975 0:00
6/1/1975 0:00,8.8,9,8.8,8.6,8.1,8.1,7.2,1,1,,0,0,2,,,7/1/1975 0:00
7/1/1975 0:00,8.6,8.8,9,8.8,8.6,8.1,8.1,1,1,5683.444,0.016971737,1,3,,,8/1/1975 0:00
8/1/1975 0:00,8.4,8.6,8.8,9,8.8,8.6,8.1,1,1,,0,0,1,,,9/1/1975 0:00
9/1/1975 0:00,8.4,8.4,8.6,8.8,9,8.8,8.6,1,1,,0,0,2,,,10/1/1975 0:00
10/1/1975 0:00,8.4,8.4,8.4,8.6,8.8,9,8.8,1,1,5759.972,0.013375227,1,3,,,11/1/1975 0:00
11/1/1975 0:00,8.3,8.4,8.4,8.4,8.6,8.8,9,1,1,,0,0,1,,,12/1/1975 0:00
12/1/1975 0:00,8.2,8.3,8.4,8.4,8.4,8.6,8.8,1,1,,0,0,2,,,1/1/1976 0:00
1/1/1976 0:00,7.9,8.2,8.3,8.4,8.4,8.4,8.6,1,1,5889.5,0.022238491,1,3,,,2/1/1976 0:00
2/1/1976 0:00,7.7,7.9,8.2,8.3,8.4,8.4,8.4,1,1,,0,0,1,,,3/1/1976 0:00
3/1/1976 0:00,7.6,7.7,7.9,8.2,8.3,8.4,8.4,1,1,,0,0,2,,,4/1/1976 0:00
4/1/1976 0:00,7.7,7.6,7.7,7.9,8.2,8.3,8.4,1,1,5932.711,0.007310171,1,3,,,5/1/1976 0:00
5/1/1976 0:00,7.4,7.7,7.6,7.7,7.9,8.2,8.3,1,1,,0,0,1,,,6/1/1976 0:00
6/1/1976 0:00,7.6,7.4,7.7,7.6,7.7,7.9,8.2,1,1,,0,0,2,,,7/1/1976 0:00
7/1/1976 0:00,7.8,7.6,7.4,7.7,7.6,7.7,7.9,1,1,5965.265,0.005472205,1,3,,,8/1/1976 0:00
8/1/1976 0:00,7.8,7.8,7.6,7.4,7.7,7.6,7.7,1,1,,0,0,1,,,9/1/1976 0:00
9/1/1976 0:00,7.6,7.8,7.8,7.6,7.4,7.7,7.6,1,1,,0,0,2,,,10/1/1976 0:00
10/1/1976 0:00,7.7,7.6,7.8,7.8,7.6,7.4,7.7,1,1,6008.504,0.007222319,1,3,,,11/1/1976 0:00
11/1/1976 0:00,7.8,7.7,7.6,7.8,7.8,7.6,7.4,1,1,,0,0,1,,,12/1/1976 0:00
12/1/1976 0:00,7.8,7.8,7.7,7.6,7.8,7.8,7.6,1,1,,0,0,2,,,1/1/1977 0:00
1/1/1977 0:00,7.5,7.8,7.8,7.7,7.6,7.8,7.8,1,1,6079.494,0.01174567,1,3,,,2/1/1977 0:00
2/1/1977 0:00,7.6,7.5,7.8,7.8,7.7,7.6,7.8,1,1,,0,0,1,,,3/1/1977 0:00
3/1/1977 0:00,7.4,7.6,7.5,7.8,7.8,7.7,7.6,1,1,,0,0,2,,,4/1/1977 0:00
4/1/1977 0:00,7.2,7.4,7.6,7.5,7.8,7.8,7.7,1,1,6197.686,0.019254528,1,3,,,5/1/1977 0:00
5/1/1977 0:00,7,7.2,7.4,7.6,7.5,7.8,7.8,1,1,,0,0,1,,,6/1/1977 0:00
6/1/1977 0:00,7.2,7,7.2,7.4,7.6,7.5,7.8,1,1,,0,0,2,,,7/1/1977 0:00
7/1/1977 0:00,6.9,7.2,7,7.2,7.4,7.6,7.5,1,1,6309.514,0.017882656,1,3,,,8/1/1977 0:00
8/1/1977 0:00,7,6.9,7.2,7,7.2,7.4,7.6,1,1,,0,0,1,,,9/1/1977 0:00
9/1/1977 0:00,6.8,7,6.9,7.2,7,7.2,7.4,1,1,,0,0,2,,,10/1/1977 0:00
10/1/1977 0:00,6.8,6.8,7,6.9,7.2,7,7.2,1,1,6309.652,2.19E-05,1,3,,,11/1/1977 0:00
11/1/1977 0:00,6.8,6.8,6.8,7,6.9,7.2,7,1,1,,0,0,1,,,12/1/1977 0:00
12/1/1977 0:00,6.4,6.8,6.8,6.8,7,6.9,7.2,1,1,,0,0,2,,,1/1/1978 0:00
1/1/1978 0:00,6.4,6.4,6.8,6.8,6.8,7,6.9,1,1,6329.791,0.003186694,1,3,,,2/1/1978 0:00
2/1/1978 0:00,6.3,6.4,6.4,6.8,6.8,6.8,7,1,1,,0,0,1,,,3/1/1978 0:00
3/1/1978 0:00,6.3,6.3,6.4,6.4,6.8,6.8,6.8,1,1,,0,0,2,,,4/1/1978 0:00
4/1/1978 0:00,6.1,6.3,6.3,6.4,6.4,6.8,6.8,1,1,6574.39,0.03791458,1,3,,,5/1/1978 0:00
5/1/1978 0:00,6,6.1,6.3,6.3,6.4,6.4,6.8,1,1,,0,0,1,,,6/1/1978 0:00
6/1/1978 0:00,5.9,6,6.1,6.3,6.3,6.4,6.4,1,1,,0,0,2,,,7/1/1978 0:00
7/1/1978 0:00,6.2,5.9,6,6.1,6.3,6.3,6.4,1,1,6640.497,0.010005012,1,3,,,8/1/1978 0:00
8/1/1978 0:00,5.9,6.2,5.9,6,6.1,6.3,6.3,1,1,,0,0,1,,,9/1/1978 0:00
9/1/1978 0:00,6,5.9,6.2,5.9,6,6.1,6.3,1,1,,0,0,2,,,10/1/1978 0:00
10/1/1978 0:00,5.8,6,5.9,6.2,5.9,6,6.1,1,1,6729.755,0.013351929,1,3,,,11/1/1978 0:00
11/1/1978 0:00,5.9,5.8,6,5.9,6.2,5.9,6,1,1,,0,0,1,,,12/1/1978 0:00
12/1/1978 0:00,6,5.9,5.8,6,5.9,6.2,5.9,1,1,,0,0,2,,,1/1/1979 0:00
1/1/1979 0:00,5.9,6,5.9,5.8,6,5.9,6.2,1,1,6741.854,0.001796222,1,3,,,2/1/1979 0:00
2/1/1979 0:00,5.9,5.9,6,5.9,5.8,6,5.9,1,1,,0,0,1,,,3/1/1979 0:00
3/1/1979 0:00,5.8,5.9,5.9,6,5.9,5.8,6,1,1,,0,0,2,,,4/1/1979 0:00
4/1/1979 0:00,5.8,5.8,5.9,5.9,6,5.9,5.8,1,1,6749.063,0.001068719,1,3,,,5/1/1979 0:00
5/1/1979 0:00,5.6,5.8,5.8,5.9,5.9,6,5.9,1,1,,0,0,1,,,6/1/1979 0:00
6/1/1979 0:00,5.7,5.6,5.8,5.8,5.9,5.9,6,1,1,,0,0,2,,,7/1/1979 0:00
7/1/1979 0:00,5.7,5.7,5.6,5.8,5.8,5.9,5.9,1,1,6799.2,0.007401278,1,3,,,8/1/1979 0:00
8/1/1979 0:00,6,5.7,5.7,5.6,5.8,5.8,5.9,1,1,,0,0,1,,,9/1/1979 0:00
9/1/1979 0:00,5.9,6,5.7,5.7,5.6,5.8,5.8,1,1,,0,0,2,,,10/1/1979 0:00
10/1/1979 0:00,6,5.9,6,5.7,5.7,5.6,5.8,1,1,6816.203,0.002497614,1,3,,,11/1/1979 0:00
11/1/1979 0:00,5.9,6,5.9,6,5.7,5.7,5.6,1,1,,0,0,1,,,12/1/1979 0:00
12/1/1979 0:00,6,5.9,6,5.9,6,5.7,5.7,1,1,,0,0,2,,,1/1/1980 0:00
1/1/1980 0:00,6.3,6,5.9,6,5.9,6,5.7,1,1,6837.641,0.003140217,1,3,,,2/1/1980 0:00
2/1/1980 0:00,6.3,6.3,6,5.9,6,5.9,6,1,1,,0,0,1,,,3/1/1980 0:00
3/1/1980 0:00,6.3,6.3,6.3,6,5.9,6,5.9,1,1,,0,0,2,,,4/1/1980 0:00
4/1/1980 0:00,6.9,6.3,6.3,6.3,6,5.9,6,1,1,6696.753,-0.020820007,1,3,,,5/1/1980 0:00
5/1/1980 0:00,7.5,6.9,6.3,6.3,6.3,6,5.9,1,1,,0,0,1,,,6/1/1980 0:00
6/1/1980 0:00,7.6,7.5,6.9,6.3,6.3,6.3,6,1,1,,0,0,2,,,7/1/1980 0:00
7/1/1980 0:00,7.8,7.6,7.5,6.9,6.3,6.3,6.3,1,1,6688.794,-0.001189193,1,3,,,8/1/1980 0:00
8/1/1980 0:00,7.7,7.8,7.6,7.5,6.9,6.3,6.3,1,1,,0,0,1,,,9/1/1980 0:00
9/1/1980 0:00,7.5,7.7,7.8,7.6,7.5,6.9,6.3,1,1,,0,0,2,,,10/1/1980 0:00
10/1/1980 0:00,7.5,7.5,7.7,7.8,7.6,7.5,6.9,1,1,6813.535,0.018477486,1,3,,,11/1/1980 0:00
11/1/1980 0:00,7.5,7.5,7.5,7.7,7.8,7.6,7.5,1,1,,0,0,1,,,12/1/1980 0:00
12/1/1980 0:00,7.2,7.5,7.5,7.5,7.7,7.8,7.6,1,1,,0,0,2,,,1/1/1981 0:00
1/1/1981 0:00,7.5,7.2,7.5,7.5,7.5,7.7,7.8,1,1,6947.042,0.019404882,1,3,,,2/1/1981 0:00
2/1/1981 0:00,7.4,7.5,7.2,7.5,7.5,7.5,7.7,1,1,,0,0,1,,,3/1/1981 0:00
3/1/1981 0:00,7.4,7.4,7.5,7.2,7.5,7.5,7.5,1,1,,0,0,2,,,4/1/1981 0:00
4/1/1981 0:00,7.2,7.4,7.4,7.5,7.2,7.5,7.5,1,1,6895.559,-0.007438376,1,3,,,5/1/1981 0:00
5/1/1981 0:00,7.5,7.2,7.4,7.4,7.5,7.2,7.5,1,1,,0,0,1,,,6/1/1981 0:00
6/1/1981 0:00,7.5,7.5,7.2,7.4,7.4,7.5,7.2,1,1,,0,0,2,,,7/1/1981 0:00
7/1/1981 0:00,7.2,7.5,7.5,7.2,7.4,7.4,7.5,1,1,6978.135,0.011904108,1,3,,,8/1/1981 0:00
8/1/1981 0:00,7.4,7.2,7.5,7.5,7.2,7.4,7.4,1,1,,0,0,1,,,9/1/1981 0:00
9/1/1981 0:00,7.6,7.4,7.2,7.5,7.5,7.2,7.4,1,1,,0,0,2,,,10/1/1981 0:00
10/1/1981 0:00,7.9,7.6,7.4,7.2,7.5,7.5,7.2,1,1,6902.105,-0.010955252,1,3,,,11/1/1981 0:00
11/1/1981 0:00,8.3,7.9,7.6,7.4,7.2,7.5,7.5,1,1,,0,0,1,,,12/1/1981 0:00
12/1/1981 0:00,8.5,8.3,7.9,7.6,7.4,7.2,7.5,1,1,,0,0,2,,,1/1/1982 0:00
1/1/1982 0:00,8.6,8.5,8.3,7.9,7.6,7.4,7.2,1,1,6794.878,-0.015657344,1,3,,,2/1/1982 0:00
2/1/1982 0:00,8.9,8.6,8.5,8.3,7.9,7.6,7.4,1,1,,0,0,1,,,3/1/1982 0:00
3/1/1982 0:00,9,8.9,8.6,8.5,8.3,7.9,7.6,1,1,,0,0,2,,,4/1/1982 0:00
4/1/1982 0:00,9.3,9,8.9,8.6,8.5,8.3,7.9,1,1,6825.876,0.004551591,1,3,,,5/1/1982 0:00
5/1/1982 0:00,9.4,9.3,9,8.9,8.6,8.5,8.3,1,1,,0,0,1,,,6/1/1982 0:00
6/1/1982 0:00,9.6,9.4,9.3,9,8.9,8.6,8.5,1,1,,0,0,2,,,7/1/1982 0:00
7/1/1982 0:00,9.8,9.6,9.4,9.3,9,8.9,8.6,1,1,6799.781,-0.003830279,1,3,,,8/1/1982 0:00
8/1/1982 0:00,9.8,9.8,9.6,9.4,9.3,9,8.9,1,1,,0,0,1,,,9/1/1982 0:00
9/1/1982 0:00,10.1,9.8,9.8,9.6,9.4,9.3,9,1,1,,0,0,2,,,10/1/1982 0:00
10/1/1982 0:00,10.4,10.1,9.8,9.8,9.6,9.4,9.3,1,1,6802.497,0.000399345,1,3,,,11/1/1982 0:00
11/1/1982 0:00,10.8,10.4,10.1,9.8,9.8,9.6,9.4,1,1,,0,0,1,,,12/1/1982 0:00
12/1/1982 0:00,10.8,10.8,10.4,10.1,9.8,9.8,9.6,1,1,,0,0,2,,,1/1/1983 0:00
1/1/1983 0:00,10.4,10.8,10.8,10.4,10.1,9.8,9.8,1,1,6892.144,0.013092462,1,3,,,2/1/1983 0:00
2/1/1983 0:00,10.4,10.4,10.8,10.8,10.4,10.1,9.8,1,1,,0,0,1,,,3/1/1983 0:00
3/1/1983 0:00,10.3,10.4,10.4,10.8,10.8,10.4,10.1,1,1,,0,0,2,,,4/1/1983 0:00
4/1/1983 0:00,10.2,10.3,10.4,10.4,10.8,10.8,10.4,1,1,7048.982,0.022500997,1,3,,,5/1/1983 0:00
5/1/1983 0:00,10.1,10.2,10.3,10.4,10.4,10.8,10.8,1,1,,0,0,1,,,6/1/1983 0:00
6/1/1983 0:00,10.1,10.1,10.2,10.3,10.4,10.4,10.8,1,1,,0,0,2,,,7/1/1983 0:00
7/1/1983 0:00,9.4,10.1,10.1,10.2,10.3,10.4,10.4,1,1,7189.896,0.019793498,1,3,,,8/1/1983 0:00
8/1/1983 0:00,9.5,9.4,10.1,10.1,10.2,10.3,10.4,1,1,,0,0,1,,,9/1/1983 0:00
9/1/1983 0:00,9.2,9.5,9.4,10.1,10.1,10.2,10.3,1,1,,0,0,2,,,10/1/1983 0:00
10/1/1983 0:00,8.8,9.2,9.5,9.4,10.1,10.1,10.2,1,1,7339.893,0.020647558,1,3,,,11/1/1983 0:00
11/1/1983 0:00,8.5,8.8,9.2,9.5,9.4,10.1,10.1,1,1,,0,0,1,,,12/1/1983 0:00
12/1/1983 0:00,8.3,8.5,8.8,9.2,9.5,9.4,10.1,1,1,,0,0,2,,,1/1/1984 0:00
1/1/1984 0:00,8,8.3,8.5,8.8,9.2,9.5,9.4,1,1,7483.371,0.019359094,1,3,,,2/1/1984 0:00
2/1/1984 0:00,7.8,8,8.3,8.5,8.8,9.2,9.5,1,1,,0,0,1,,,3/1/1984 0:00
3/1/1984 0:00,7.8,7.8,8,8.3,8.5,8.8,9.2,1,1,,0,0,2,,,4/1/1984 0:00
4/1/1984 0:00,7.7,7.8,7.8,8,8.3,8.5,8.8,1,1,7612.668,0.017130343,1,3,,,5/1/1984 0:00
5/1/1984 0:00,7.4,7.7,7.8,7.8,8,8.3,8.5,1,1,,0,0,1,,,6/1/1984 0:00
6/1/1984 0:00,7.2,7.4,7.7,7.8,7.8,8,8.3,1,1,,0,0,2,,,7/1/1984 0:00
7/1/1984 0:00,7.5,7.2,7.4,7.7,7.8,7.8,8,1,1,7686.059,0.009594467,1,3,,,8/1/1984 0:00
8/1/1984 0:00,7.5,7.5,7.2,7.4,7.7,7.8,7.8,1,1,,0,0,1,,,9/1/1984 0:00
9/1/1984 0:00,7.3,7.5,7.5,7.2,7.4,7.7,7.8,1,1,,0,0,2,,,10/1/1984 0:00
10/1/1984 0:00,7.4,7.3,7.5,7.5,7.2,7.4,7.7,1,1,7749.151,0.008175121,1,3,,,11/1/1984 0:00
11/1/1984 0:00,7.2,7.4,7.3,7.5,7.5,7.2,7.4,1,1,,0,0,1,,,12/1/1984 0:00
12/1/1984 0:00,7.3,7.2,7.4,7.3,7.5,7.5,7.2,1,1,,0,0,2,,,1/1/1985 0:00
1/1/1985 0:00,7.3,7.3,7.2,7.4,7.3,7.5,7.5,1,1,7824.247,0.009644213,1,3,,,2/1/1985 0:00
2/1/1985 0:00,7.2,7.3,7.3,7.2,7.4,7.3,7.5,1,1,,0,0,1,,,3/1/1985 0:00
3/1/1985 0:00,7.2,7.2,7.3,7.3,7.2,7.4,7.3,1,1,,0,0,2,,,4/1/1985 0:00
4/1/1985 0:00,7.3,7.2,7.2,7.3,7.3,7.2,7.4,1,1,7893.136,0.008766019,1,3,,,5/1/1985 0:00
5/1/1985 0:00,7.2,7.3,7.2,7.2,7.3,7.3,7.2,1,1,,0,0,1,,,6/1/1985 0:00
6/1/1985 0:00,7.4,7.2,7.3,7.2,7.2,7.3,7.3,1,1,,0,0,2,,,7/1/1985 0:00
7/1/1985 0:00,7.4,7.4,7.2,7.3,7.2,7.2,7.3,1,1,8013.674,0.015155812,1,3,,,8/1/1985 0:00
8/1/1985 0:00,7.1,7.4,7.4,7.2,7.3,7.2,7.2,1,1,,0,0,1,,,9/1/1985 0:00
9/1/1985 0:00,7.1,7.1,7.4,7.4,7.2,7.3,7.2,1,1,,0,0,2,,,10/1/1985 0:00
10/1/1985 0:00,7.1,7.1,7.1,7.4,7.4,7.2,7.3,1,1,8073.239,0.007405432,1,3,,,11/1/1985 0:00
11/1/1985 0:00,7,7.1,7.1,7.1,7.4,7.4,7.2,1,1,,0,0,1,,,12/1/1985 0:00
12/1/1985 0:00,7,7,7.1,7.1,7.1,7.4,7.4,1,1,,0,0,2,,,1/1/1986 0:00
1/1/1986 0:00,6.7,7,7,7.1,7.1,7.1,7.4,1,1,8148.603,0.009291737,1,3,,,2/1/1986 0:00
2/1/1986 0:00,7.2,6.7,7,7,7.1,7.1,7.1,1,1,,0,0,1,,,3/1/1986 0:00
3/1/1986 0:00,7.2,7.2,6.7,7,7,7.1,7.1,1,1,,0,0,2,,,4/1/1986 0:00
4/1/1986 0:00,7.1,7.2,7.2,6.7,7,7,7.1,1,1,8185.303,0.004493728,1,3,,,5/1/1986 0:00
5/1/1986 0:00,7.2,7.1,7.2,7.2,6.7,7,7,1,1,,0,0,1,,,6/1/1986 0:00
6/1/1986 0:00,7.2,7.2,7.1,7.2,7.2,6.7,7,1,1,,0,0,2,,,7/1/1986 0:00
7/1/1986 0:00,7,7.2,7.2,7.1,7.2,7.2,6.7,1,1,8263.639,0.009524818,1,3,,,8/1/1986 0:00
8/1/1986 0:00,6.9,7,7.2,7.2,7.1,7.2,7.2,1,1,,0,0,1,,,9/1/1986 0:00
9/1/1986 0:00,7,6.9,7,7.2,7.2,7.1,7.2,1,1,,0,0,2,,,10/1/1986 0:00
10/1/1986 0:00,7,7,6.9,7,7.2,7.2,7.1,1,1,8308.021,0.005356386,1,3,,,11/1/1986 0:00
11/1/1986 0:00,6.9,7,7,6.9,7,7.2,7.2,1,1,,0,0,1,,,12/1/1986 0:00
12/1/1986 0:00,6.6,6.9,7,7,6.9,7,7.2,1,1,,0,0,2,,,1/1/1987 0:00
1/1/1987 0:00,6.6,6.6,6.9,7,7,6.9,7,1,1,8369.93,0.007424088,1,3,,,2/1/1987 0:00
2/1/1987 0:00,6.6,6.6,6.6,6.9,7,7,6.9,1,1,,0,0,1,,,3/1/1987 0:00
3/1/1987 0:00,6.6,6.6,6.6,6.6,6.9,7,7,1,1,,0,0,2,,,4/1/1987 0:00
4/1/1987 0:00,6.3,6.6,6.6,6.6,6.6,6.9,7,1,1,8460.233,0.010731193,1,3,,,5/1/1987 0:00
5/1/1987 0:00,6.3,6.3,6.6,6.6,6.6,6.6,6.9,1,1,,0,0,1,,,6/1/1987 0:00
6/1/1987 0:00,6.2,6.3,6.3,6.6,6.6,6.6,6.6,1,1,,0,0,2,,,7/1/1987 0:00
7/1/1987 0:00,6.1,6.2,6.3,6.3,6.6,6.6,6.6,1,1,8533.635,0.008638699,1,3,,,8/1/1987 0:00
8/1/1987 0:00,6,6.1,6.2,6.3,6.3,6.6,6.6,1,1,,0,0,1,,,9/1/1987 0:00
9/1/1987 0:00,5.9,6,6.1,6.2,6.3,6.3,6.6,1,1,,0,0,2,,,10/1/1987 0:00
10/1/1987 0:00,6,5.9,6,6.1,6.2,6.3,6.3,1,1,8680.162,0.017024778,1,3,,,11/1/1987 0:00
11/1/1987 0:00,5.8,6,5.9,6,6.1,6.2,6.3,1,1,,0,0,1,,,12/1/1987 0:00
12/1/1987 0:00,5.7,5.8,6,5.9,6,6.1,6.2,1,1,,0,0,2,,,1/1/1988 0:00
1/1/1988 0:00,5.7,5.7,5.8,6,5.9,6,6.1,1,1,8725.006,0.005152964,1,3,,,2/1/1988 0:00
2/1/1988 0:00,5.7,5.7,5.7,5.8,6,5.9,6,1,1,,0,0,1,,,3/1/1988 0:00
3/1/1988 0:00,5.7,5.7,5.7,5.7,5.8,6,5.9,1,1,,0,0,2,,,4/1/1988 0:00
4/1/1988 0:00,5.4,5.7,5.7,5.7,5.7,5.8,6,1,1,8839.641,0.013053109,1,3,,,5/1/1988 0:00
5/1/1988 0:00,5.6,5.4,5.7,5.7,5.7,5.7,5.8,1,1,,0,0,1,,,6/1/1988 0:00
6/1/1988 0:00,5.4,5.6,5.4,5.7,5.7,5.7,5.7,1,1,,0,0,2,,,7/1/1988 0:00
7/1/1988 0:00,5.4,5.4,5.6,5.4,5.7,5.7,5.7,1,1,8891.435,0.005842189,1,3,,,8/1/1988 0:00
8/1/1988 0:00,5.6,5.4,5.4,5.6,5.4,5.7,5.7,1,1,,0,0,1,,,9/1/1988 0:00
9/1/1988 0:00,5.4,5.6,5.4,5.4,5.6,5.4,5.7,1,1,,0,0,2,,,10/1/1988 0:00
10/1/1988 0:00,5.4,5.4,5.6,5.4,5.4,5.6,5.4,1,1,9009.913,0.013236962,1,3,,,11/1/1988 0:00
11/1/1988 0:00,5.3,5.4,5.4,5.6,5.4,5.4,5.6,1,1,,0,0,1,,,12/1/1988 0:00
12/1/1988 0:00,5.3,5.3,5.4,5.4,5.6,5.4,5.4,1,1,,0,0,2,,,1/1/1989 0:00
1/1/1989 0:00,5.4,5.3,5.3,5.4,5.4,5.6,5.4,1,1,9101.508,0.010114698,1,3,,,2/1/1989 0:00
2/1/1989 0:00,5.2,5.4,5.3,5.3,5.4,5.4,5.6,1,1,,0,0,1,,,3/1/1989 0:00
3/1/1989 0:00,5,5.2,5.4,5.3,5.3,5.4,5.4,1,1,,0,0,2,,,4/1/1989 0:00
4/1/1989 0:00,5.2,5,5.2,5.4,5.3,5.3,5.4,1,1,9170.977,0.00760371,1,3,,,5/1/1989 0:00
5/1/1989 0:00,5.2,5.2,5,5.2,5.4,5.3,5.3,1,1,,0,0,1,,,6/1/1989 0:00
6/1/1989 0:00,5.3,5.2,5.2,5,5.2,5.4,5.3,1,1,,0,0,2,,,7/1/1989 0:00
7/1/1989 0:00,5.2,5.3,5.2,5.2,5,5.2,5.4,1,1,9238.923,0.007381497,1,3,,,8/1/1989 0:00
8/1/1989 0:00,5.2,5.2,5.3,5.2,5.2,5,5.2,1,1,,0,0,1,,,9/1/1989 0:00
9/1/1989 0:00,5.3,5.2,5.2,5.3,5.2,5.2,5,1,1,,0,0,2,,,10/1/1989 0:00
10/1/1989 0:00,5.3,5.3,5.2,5.2,5.3,5.2,5.2,1,1,9257.128,0.001968529,1,3,,,11/1/1989 0:00
11/1/1989 0:00,5.4,5.3,5.3,5.2,5.2,5.3,5.2,1,1,,0,0,1,,,12/1/1989 0:00
12/1/1989 0:00,5.4,5.4,5.3,5.3,5.2,5.2,5.3,1,1,,0,0,2,,,1/1/1990 0:00
1/1/1990 0:00,5.4,5.4,5.4,5.3,5.3,5.2,5.2,1,1,9358.289,0.010868625,1,3,,,2/1/1990 0:00
2/1/1990 0:00,5.3,5.4,5.4,5.4,5.3,5.3,5.2,1,1,,0,0,1,,,3/1/1990 0:00
3/1/1990 0:00,5.2,5.3,5.4,5.4,5.4,5.3,5.3,1,1,,0,0,2,,,4/1/1990 0:00
4/1/1990 0:00,5.4,5.2,5.3,5.4,5.4,5.4,5.3,1,1,9392.251,0.003622513,1,3,,,5/1/1990 0:00
5/1/1990 0:00,5.4,5.4,5.2,5.3,5.4,5.4,5.4,1,1,,0,0,1,,,6/1/1990 0:00
6/1/1990 0:00,5.2,5.4,5.4,5.2,5.3,5.4,5.4,1,1,,0,0,2,,,7/1/1990 0:00
7/1/1990 0:00,5.5,5.2,5.4,5.4,5.2,5.3,5.4,1,1,9398.499,0.000665008,1,3,,,8/1/1990 0:00
8/1/1990 0:00,5.7,5.5,5.2,5.4,5.4,5.2,5.3,1,1,,0,0,1,,,9/1/1990 0:00
9/1/1990 0:00,5.9,5.7,5.5,5.2,5.4,5.4,5.2,1,1,,0,0,2,,,10/1/1990 0:00
10/1/1990 0:00,5.9,5.9,5.7,5.5,5.2,5.4,5.4,1,1,9312.937,-0.009145487,1,3,,,11/1/1990 0:00
11/1/1990 0:00,6.2,5.9,5.9,5.7,5.5,5.2,5.4,1,1,,0,0,1,,,12/1/1990 0:00
12/1/1990 0:00,6.3,6.2,5.9,5.9,5.7,5.5,5.2,1,1,,0,0,2,,,1/1/1991 0:00
1/1/1991 0:00,6.4,6.3,6.2,5.9,5.9,5.7,5.5,1,1,9269.367,-0.004689416,1,3,,,2/1/1991 0:00
2/1/1991 0:00,6.6,6.4,6.3,6.2,5.9,5.9,5.7,1,1,,0,0,1,,,3/1/1991 0:00
3/1/1991 0:00,6.8,6.6,6.4,6.3,6.2,5.9,5.9,1,1,,0,0,2,,,4/1/1991 0:00
4/1/1991 0:00,6.7,6.8,6.6,6.4,6.3,6.2,5.9,1,1,9341.642,0.007766947,1,3,,,5/1/1991 0:00
5/1/1991 0:00,6.9,6.7,6.8,6.6,6.4,6.3,6.2,1,1,,0,0,1,,,6/1/1991 0:00
6/1/1991 0:00,6.9,6.9,6.7,6.8,6.6,6.4,6.3,1,1,,0,0,2,,,7/1/1991 0:00
7/1/1991 0:00,6.8,6.9,6.9,6.7,6.8,6.6,6.4,1,1,9388.845,0.005040243,1,3,,,8/1/1991 0:00
8/1/1991 0:00,6.9,6.8,6.9,6.9,6.7,6.8,6.6,1,1,,0,0,1,,,9/1/1991 0:00
9/1/1991 0:00,6.9,6.9,6.8,6.9,6.9,6.7,6.8,1,1,,0,0,2,,,10/1/1991 0:00
10/1/1991 0:00,7,6.9,6.9,6.8,6.9,6.9,6.7,1,1,9421.565,0.003478928,1,3,,,11/1/1991 0:00
11/1/1991 0:00,7,7,6.9,6.9,6.8,6.9,6.9,1,1,,0,0,1,,,12/1/1991 0:00
12/1/1991 0:00,7.3,7,7,6.9,6.9,6.8,6.9,1,1,,0,0,2,,,1/1/1992 0:00
1/1/1992 0:00,7.3,7.3,7,7,6.9,6.9,6.8,1,1,9534.346,0.011899437,1,3,,,2/1/1992 0:00
2/1/1992 0:00,7.4,7.3,7.3,7,7,6.9,6.9,1,1,,0,0,1,,,3/1/1992 0:00
3/1/1992 0:00,7.4,7.4,7.3,7.3,7,7,6.9,1,1,,0,0,2,,,4/1/1992 0:00
4/1/1992 0:00,7.4,7.4,7.4,7.3,7.3,7,7,1,1,9637.732,0.010785164,1,3,,,5/1/1992 0:00
5/1/1992 0:00,7.6,7.4,7.4,7.4,7.3,7.3,7,1,1,,0,0,1,,,6/1/1992 0:00
6/1/1992 0:00,7.8,7.6,7.4,7.4,7.4,7.3,7.3,1,1,,0,0,2,,,7/1/1992 0:00
7/1/1992 0:00,7.7,7.8,7.6,7.4,7.4,7.4,7.3,1,1,9732.979,0.009834205,1,3,,,8/1/1992 0:00
8/1/1992 0:00,7.6,7.7,7.8,7.6,7.4,7.4,7.4,1,1,,0,0,1,,,9/1/1992 0:00
9/1/1992 0:00,7.6,7.6,7.7,7.8,7.6,7.4,7.4,1,1,,0,0,2,,,10/1/1992 0:00
10/1/1992 0:00,7.3,7.6,7.6,7.7,7.8,7.6,7.4,1,1,9834.51,0.010377613,1,3,,,11/1/1992 0:00
11/1/1992 0:00,7.4,7.3,7.6,7.6,7.7,7.8,7.6,1,1,,0,0,1,,,12/1/1992 0:00
12/1/1992 0:00,7.4,7.4,7.3,7.6,7.6,7.7,7.8,1,1,,0,0,2,,,1/1/1993 0:00
1/1/1993 0:00,7.3,7.4,7.4,7.3,7.6,7.6,7.7,1,1,9850.973,0.001672603,1,3,,,2/1/1993 0:00
2/1/1993 0:00,7.1,7.3,7.4,7.4,7.3,7.6,7.6,1,1,,0,0,1,,,3/1/1993 0:00
3/1/1993 0:00,7,7.1,7.3,7.4,7.4,7.3,7.6,1,1,,0,0,2,,,4/1/1993 0:00
4/1/1993 0:00,7.1,7,7.1,7.3,7.4,7.4,7.3,1,1,9908.347,0.005807301,1,3,,,5/1/1993 0:00
5/1/1993 0:00,7.1,7.1,7,7.1,7.3,7.4,7.4,1,1,,0,0,1,,,6/1/1993 0:00
6/1/1993 0:00,7,7.1,7.1,7,7.1,7.3,7.4,1,1,,0,0,2,,,7/1/1993 0:00
7/1/1993 0:00,6.9,7,7.1,7.1,7,7.1,7.3,1,1,9955.641,0.004761792,1,3,,,8/1/1993 0:00
8/1/1993 0:00,6.8,6.9,7,7.1,7.1,7,7.1,1,1,,0,0,1,,,9/1/1993 0:00
9/1/1993 0:00,6.7,6.8,6.9,7,7.1,7.1,7,1,1,,0,0,2,,,10/1/1993 0:00
10/1/1993 0:00,6.8,6.7,6.8,6.9,7,7.1,7.1,1,1,10091.049,0.013509468,1,3,,,11/1/1993 0:00
11/1/1993 0:00,6.6,6.8,6.7,6.8,6.9,7,7.1,1,1,,0,0,1,,,12/1/1993 0:00
12/1/1993 0:00,6.5,6.6,6.8,6.7,6.8,6.9,7,1,1,,0,0,2,,,1/1/1994 0:00
1/1/1994 0:00,6.6,6.5,6.6,6.8,6.7,6.8,6.9,1,1,10188.954,0.009655399,1,3,,,2/1/1994 0:00
2/1/1994 0:00,6.6,6.6,6.5,6.6,6.8,6.7,6.8,1,1,,0,0,1,,,3/1/1994 0:00
3/1/1994 0:00,6.5,6.6,6.6,6.5,6.6,6.8,6.7,1,1,,0,0,2,,,4/1/1994 0:00
4/1/1994 0:00,6.4,6.5,6.6,6.6,6.5,6.6,6.8,1,1,10327.019,0.013459472,1,3,,,5/1/1994 0:00
5/1/1994 0:00,6.1,6.4,6.5,6.6,6.6,6.5,6.6,1,1,,0,0,1,,,6/1/1994 0:00
6/1/1994 0:00,6.1,6.1,6.4,6.5,6.6,6.6,6.5,1,1,,0,0,2,,,7/1/1994 0:00
7/1/1994 0:00,6.1,6.1,6.1,6.4,6.5,6.6,6.6,1,1,10387.382,0.005828136,1,3,,,8/1/1994 0:00
8/1/1994 0:00,6,6.1,6.1,6.1,6.4,6.5,6.6,1,1,,0,0,1,,,9/1/1994 0:00
9/1/1994 0:00,5.9,6,6.1,6.1,6.1,6.4,6.5,1,1,,0,0,2,,,10/1/1994 0:00
10/1/1994 0:00,5.8,5.9,6,6.1,6.1,6.1,6.4,1,1,10506.372,0.01139013,1,3,,,11/1/1994 0:00
11/1/1994 0:00,5.6,5.8,5.9,6,6.1,6.1,6.1,1,1,,0,0,1,,,12/1/1994 0:00
12/1/1994 0:00,5.5,5.6,5.8,5.9,6,6.1,6.1,1,1,,0,0,2,,,1/1/1995 0:00
1/1/1995 0:00,5.6,5.5,5.6,5.8,5.9,6,6.1,1,1,10543.644,0.003541284,1,3,,,2/1/1995 0:00
2/1/1995 0:00,5.4,5.6,5.5,5.6,5.8,5.9,6,1,1,,0,0,1,,,3/1/1995 0:00
3/1/1995 0:00,5.4,5.4,5.6,5.5,5.6,5.8,5.9,1,1,,0,0,2,,,4/1/1995 0:00
4/1/1995 0:00,5.8,5.4,5.4,5.6,5.5,5.6,5.8,1,1,10575.1,0.002978967,1,3,,,5/1/1995 0:00
5/1/1995 0:00,5.6,5.8,5.4,5.4,5.6,5.5,5.6,1,1,,0,0,1,,,6/1/1995 0:00
6/1/1995 0:00,5.6,5.6,5.8,5.4,5.4,5.6,5.5,1,1,,0,0,2,,,7/1/1995 0:00
7/1/1995 0:00,5.7,5.6,5.6,5.8,5.4,5.4,5.6,1,1,10665.06,0.008470797,1,3,,,8/1/1995 0:00
8/1/1995 0:00,5.7,5.7,5.6,5.6,5.8,5.4,5.4,1,1,,0,0,1,,,9/1/1995 0:00
9/1/1995 0:00,5.6,5.7,5.7,5.6,5.6,5.8,5.4,1,1,,0,0,2,,,10/1/1995 0:00
10/1/1995 0:00,5.5,5.6,5.7,5.7,5.6,5.6,5.8,1,1,10737.478,0.006767261,1,3,,,11/1/1995 0:00
11/1/1995 0:00,5.6,5.5,5.6,5.7,5.7,5.6,5.6,1,1,,0,0,1,,,12/1/1995 0:00
12/1/1995 0:00,5.6,5.6,5.5,5.6,5.7,5.7,5.6,1,1,,0,0,2,,,1/1/1996 0:00
1/1/1996 0:00,5.6,5.6,5.6,5.5,5.6,5.7,5.7,1,1,10817.896,0.007461561,1,3,,,2/1/1996 0:00
2/1/1996 0:00,5.5,5.6,5.6,5.6,5.5,5.6,5.7,1,1,,0,0,1,,,3/1/1996 0:00
3/1/1996 0:00,5.5,5.5,5.6,5.6,5.6,5.5,5.6,1,1,,0,0,2,,,4/1/1996 0:00
4/1/1996 0:00,5.6,5.5,5.5,5.6,5.6,5.6,5.5,1,1,10998.322,0.016540916,1,3,,,5/1/1996 0:00
5/1/1996 0:00,5.6,5.6,5.5,5.5,5.6,5.6,5.6,1,1,,0,0,1,,,6/1/1996 0:00
6/1/1996 0:00,5.3,5.6,5.6,5.5,5.5,5.6,5.6,1,1,,0,0,2,,,7/1/1996 0:00
7/1/1996 0:00,5.5,5.3,5.6,5.6,5.5,5.5,5.6,1,1,11096.976,0.008929923,1,3,,,8/1/1996 0:00
8/1/1996 0:00,5.1,5.5,5.3,5.6,5.6,5.5,5.5,1,1,,0,0,1,,,9/1/1996 0:00
9/1/1996 0:00,5.2,5.1,5.5,5.3,5.6,5.6,5.5,1,1,,0,0,2,,,10/1/1996 0:00
10/1/1996 0:00,5.2,5.2,5.1,5.5,5.3,5.6,5.6,1,1,11212.205,0.010330278,1,3,,,11/1/1996 0:00
11/1/1996 0:00,5.4,5.2,5.2,5.1,5.5,5.3,5.6,1,1,,0,0,1,,,12/1/1996 0:00
12/1/1996 0:00,5.4,5.4,5.2,5.2,5.1,5.5,5.3,1,1,,0,0,2,,,1/1/1997 0:00
1/1/1997 0:00,5.3,5.4,5.4,5.2,5.2,5.1,5.5,1,1,11284.587,0.006434895,1,3,,,2/1/1997 0:00
2/1/1997 0:00,5.2,5.3,5.4,5.4,5.2,5.2,5.1,1,1,,0,0,1,,,3/1/1997 0:00
3/1/1997 0:00,5.2,5.2,5.3,5.4,5.4,5.2,5.2,1,1,,0,0,2,,,4/1/1997 0:00
4/1/1997 0:00,5.1,5.2,5.2,5.3,5.4,5.4,5.2,1,1,11472.137,0.016483414,1,3,,,5/1/1997 0:00
5/1/1997 0:00,4.9,5.1,5.2,5.2,5.3,5.4,5.4,1,1,,0,0,1,,,6/1/1997 0:00
6/1/1997 0:00,5,4.9,5.1,5.2,5.2,5.3,5.4,1,1,,0,0,2,,,7/1/1997 0:00
7/1/1997 0:00,4.9,5,4.9,5.1,5.2,5.2,5.3,1,1,11615.636,0.012430896,1,3,,,8/1/1997 0:00
8/1/1997 0:00,4.8,4.9,5,4.9,5.1,5.2,5.2,1,1,,0,0,1,,,9/1/1997 0:00
9/1/1997 0:00,4.9,4.8,4.9,5,4.9,5.1,5.2,1,1,,0,0,2,,,10/1/1997 0:00
10/1/1997 0:00,4.7,4.9,4.8,4.9,5,4.9,5.1,1,1,11715.393,0.008551497,1,3,,,11/1/1997 0:00
11/1/1997 0:00,4.6,4.7,4.9,4.8,4.9,5,4.9,1,1,,0,0,1,,,12/1/1997 0:00
12/1/1997 0:00,4.7,4.6,4.7,4.9,4.8,4.9,5,1,1,,0,0,2,,,1/1/1998 0:00
1/1/1998 0:00,4.6,4.7,4.6,4.7,4.9,4.8,4.9,1,1,11832.486,0.009945181,1,3,,,2/1/1998 0:00
2/1/1998 0:00,4.6,4.6,4.7,4.6,4.7,4.9,4.8,1,1,,0,0,1,,,3/1/1998 0:00
3/1/1998 0:00,4.7,4.6,4.6,4.7,4.6,4.7,4.9,1,1,,0,0,2,,,4/1/1998 0:00
4/1/1998 0:00,4.3,4.7,4.6,4.6,4.7,4.6,4.7,1,1,11942.032,0.009215478,1,3,,,5/1/1998 0:00
5/1/1998 0:00,4.4,4.3,4.7,4.6,4.6,4.7,4.6,1,1,,0,0,1,,,6/1/1998 0:00
6/1/1998 0:00,4.5,4.4,4.3,4.7,4.6,4.6,4.7,1,1,,0,0,2,,,7/1/1998 0:00
7/1/1998 0:00,4.5,4.5,4.4,4.3,4.7,4.6,4.6,1,1,12091.614,0.012447877,1,3,,,8/1/1998 0:00
8/1/1998 0:00,4.5,4.5,4.5,4.4,4.3,4.7,4.6,1,1,,0,0,1,,,9/1/1998 0:00
9/1/1998 0:00,4.6,4.5,4.5,4.5,4.4,4.3,4.7,1,1,,0,0,2,,,10/1/1998 0:00
10/1/1998 0:00,4.5,4.6,4.5,4.5,4.5,4.4,4.3,1,1,12287,0.016029638,1,3,,,11/1/1998 0:00
11/1/1998 0:00,4.4,4.5,4.6,4.5,4.5,4.5,4.4,1,1,,0,0,1,,,12/1/1998 0:00
12/1/1998 0:00,4.4,4.4,4.5,4.6,4.5,4.5,4.5,1,1,,0,0,2,,,1/1/1999 0:00
1/1/1999 0:00,4.3,4.4,4.4,4.5,4.6,4.5,4.5,1,1,12403.293,0.009420209,1,3,,,2/1/1999 0:00
2/1/1999 0:00,4.4,4.3,4.4,4.4,4.5,4.6,4.5,1,1,,0,0,1,,,3/1/1999 0:00
3/1/1999 0:00,4.2,4.4,4.3,4.4,4.4,4.5,4.6,1,1,,0,0,2,,,4/1/1999 0:00
4/1/1999 0:00,4.3,4.2,4.4,4.3,4.4,4.4,4.5,1,1,12498.694,0.007662157,1,3,,,5/1/1999 0:00
5/1/1999 0:00,4.2,4.3,4.2,4.4,4.3,4.4,4.4,1,1,,0,0,1,,,6/1/1999 0:00
6/1/1999 0:00,4.3,4.2,4.3,4.2,4.4,4.3,4.4,1,1,,0,0,2,,,7/1/1999 0:00
7/1/1999 0:00,4.3,4.3,4.2,4.3,4.2,4.4,4.3,1,1,12662.385,0.013011629,1,3,,,8/1/1999 0:00
8/1/1999 0:00,4.2,4.3,4.3,4.2,4.3,4.2,4.4,1,1,,0,0,1,,,9/1/1999 0:00
9/1/1999 0:00,4.2,4.2,4.3,4.3,4.2,4.3,4.2,1,1,,0,0,2,,,10/1/1999 0:00
10/1/1999 0:00,4.1,4.2,4.2,4.3,4.3,4.2,4.3,1,1,12877.593,0.016853037,1,3,,,11/1/1999 0:00
11/1/1999 0:00,4.1,4.1,4.2,4.2,4.3,4.3,4.2,1,1,,0,0,1,,,12/1/1999 0:00
12/1/1999 0:00,4,4.1,4.1,4.2,4.2,4.3,4.3,1,1,,0,0,2,,,1/1/2000 0:00
1/1/2000 0:00,4,4,4.1,4.1,4.2,4.2,4.3,1,1,12924.179,0.003611074,1,3,,,2/1/2000 0:00
2/1/2000 0:00,4.1,4,4,4.1,4.1,4.2,4.2,1,1,,0,0,1,,,3/1/2000 0:00
3/1/2000 0:00,4,4.1,4,4,4.1,4.1,4.2,1,1,,0,0,2,,,4/1/2000 0:00
4/1/2000 0:00,3.8,4,4.1,4,4,4.1,4.1,1,1,13160.842,0.018146008,1,3,,,5/1/2000 0:00
5/1/2000 0:00,4,3.8,4,4.1,4,4,4.1,1,1,,0,0,1,,,6/1/2000 0:00
6/1/2000 0:00,4,4,3.8,4,4.1,4,4,1,1,,0,0,2,,,7/1/2000 0:00
7/1/2000 0:00,4,4,4,3.8,4,4.1,4,1,1,13178.419,0.001334662,1,3,,,8/1/2000 0:00
8/1/2000 0:00,4.1,4,4,4,3.8,4,4.1,1,1,,0,0,1,,,9/1/2000 0:00
9/1/2000 0:00,3.9,4.1,4,4,4,3.8,4,1,1,,0,0,2,,,10/1/2000 0:00
10/1/2000 0:00,3.9,3.9,4.1,4,4,4,3.8,1,1,13260.506,0.006209577,1,3,,,11/1/2000 0:00
11/1/2000 0:00,3.9,3.9,3.9,4.1,4,4,4,1,1,,0,0,1,,,12/1/2000 0:00
12/1/2000 0:00,3.9,3.9,3.9,3.9,4.1,4,4,1,1,,0,0,2,,,1/1/2001 0:00
1/1/2001 0:00,4.2,3.9,3.9,3.9,3.9,4.1,4,1,1,13222.69,-0.002855851,1,3,,,2/1/2001 0:00
2/1/2001 0:00,4.2,4.2,3.9,3.9,3.9,3.9,4.1,1,1,,0,0,1,,,3/1/2001 0:00
3/1/2001 0:00,4.3,4.2,4.2,3.9,3.9,3.9,3.9,1,1,,0,0,2,,,4/1/2001 0:00
4/1/2001 0:00,4.4,4.3,4.2,4.2,3.9,3.9,3.9,1,1,13299.984,0.005828539,1,3,,,5/1/2001 0:00
5/1/2001 0:00,4.3,4.4,4.3,4.2,4.2,3.9,3.9,1,1,,0,0,1,,,6/1/2001 0:00
6/1/2001 0:00,4.5,4.3,4.4,4.3,4.2,4.2,3.9,1,1,,0,0,2,,,7/1/2001 0:00
7/1/2001 0:00,4.6,4.5,4.3,4.4,4.3,4.2,4.2,1,1,13244.784,-0.004159018,1,3,,,8/1/2001 0:00
8/1/2001 0:00,4.9,4.6,4.5,4.3,4.4,4.3,4.2,1,1,,0,0,1,,,9/1/2001 0:00
9/1/2001 0:00,5,4.9,4.6,4.5,4.3,4.4,4.3,1,1,,0,0,2,,,10/1/2001 0:00
10/1/2001 0:00,5.3,5,4.9,4.6,4.5,4.3,4.4,1,1,13280.859,0.002720011,1,3,,,11/1/2001 0:00
11/1/2001 0:00,5.5,5.3,5,4.9,4.6,4.5,4.3,1,1,,0,0,1,,,12/1/2001 0:00
12/1/2001 0:00,5.7,5.5,5.3,5,4.9,4.6,4.5,1,1,,0,0,2,,,1/1/2002 0:00
1/1/2002 0:00,5.7,5.7,5.5,5.3,5,4.9,4.6,1,1,13397.002,0.008707125,1,3,,,2/1/2002 0:00
2/1/2002 0:00,5.7,5.7,5.7,5.5,5.3,5,4.9,1,1,,0,0,1,,,3/1/2002 0:00
3/1/2002 0:00,5.7,5.7,5.7,5.7,5.5,5.3,5,1,1,,0,0,2,,,4/1/2002 0:00
4/1/2002 0:00,5.9,5.7,5.7,5.7,5.7,5.5,5.3,1,1,13478.152,0.006039054,1,3,,,5/1/2002 0:00
5/1/2002 0:00,5.8,5.9,5.7,5.7,5.7,5.7,5.5,1,1,,0,0,1,,,6/1/2002 0:00
6/1/2002 0:00,5.8,5.8,5.9,5.7,5.7,5.7,5.7,1,1,,0,0,2,,,7/1/2002 0:00
7/1/2002 0:00,5.8,5.8,5.8,5.9,5.7,5.7,5.7,1,1,13538.072,0.00443586,1,3,,,8/1/2002 0:00
8/1/2002 0:00,5.7,5.8,5.8,5.8,5.9,5.7,5.7,1,1,,0,0,1,,,9/1/2002 0:00
9/1/2002 0:00,5.7,5.7,5.8,5.8,5.8,5.9,5.7,1,1,,0,0,2,,,10/1/2002 0:00
10/1/2002 0:00,5.7,5.7,5.7,5.8,5.8,5.8,5.9,1,1,13559.032,0.001547029,1,3,,,11/1/2002 0:00
11/1/2002 0:00,5.9,5.7,5.7,5.7,5.8,5.8,5.8,1,1,,0,0,1,,,12/1/2002 0:00
12/1/2002 0:00,6,5.9,5.7,5.7,5.7,5.8,5.8,1,1,,0,0,2,,,1/1/2003 0:00
1/1/2003 0:00,5.8,6,5.9,5.7,5.7,5.7,5.8,1,1,13634.253,0.005532336,1,3,,,2/1/2003 0:00
2/1/2003 0:00,5.9,5.8,6,5.9,5.7,5.7,5.7,1,1,,0,0,1,,,3/1/2003 0:00
3/1/2003 0:00,5.9,5.9,5.8,6,5.9,5.7,5.7,1,1,,0,0,2,,,4/1/2003 0:00
4/1/2003 0:00,6,5.9,5.9,5.8,6,5.9,5.7,1,1,13751.543,0.008565807,1,3,,,5/1/2003 0:00
5/1/2003 0:00,6.1,6,5.9,5.9,5.8,6,5.9,1,1,,0,0,1,,,6/1/2003 0:00
6/1/2003 0:00,6.3,6.1,6,5.9,5.9,5.8,6,1,1,,0,0,2,,,7/1/2003 0:00
7/1/2003 0:00,6.2,6.3,6.1,6,5.9,5.9,5.8,1,1,13985.073,0.016839511,1,3,,,8/1/2003 0:00
8/1/2003 0:00,6.1,6.2,6.3,6.1,6,5.9,5.9,1,1,,0,0,1,,,9/1/2003 0:00
9/1/2003 0:00,6.1,6.1,6.2,6.3,6.1,6,5.9,1,1,,0,0,2,,,10/1/2003 0:00
10/1/2003 0:00,6,6.1,6.1,6.2,6.3,6.1,6,1,1,14145.645,0.011416256,1,3,,,11/1/2003 0:00
11/1/2003 0:00,5.8,6,6.1,6.1,6.2,6.3,6.1,1,1,,0,0,1,,,12/1/2003 0:00
12/1/2003 0:00,5.7,5.8,6,6.1,6.1,6.2,6.3,1,1,,0,0,2,,,1/1/2004 0:00
1/1/2004 0:00,5.7,5.7,5.8,6,6.1,6.1,6.2,1,1,14221.147,0.005323279,1,3,,,2/1/2004 0:00
2/1/2004 0:00,5.6,5.7,5.7,5.8,6,6.1,6.1,1,1,,0,0,1,,,3/1/2004 0:00
3/1/2004 0:00,5.8,5.6,5.7,5.7,5.8,6,6.1,1,1,,0,0,2,,,4/1/2004 0:00
4/1/2004 0:00,5.6,5.8,5.6,5.7,5.7,5.8,6,1,1,14329.523,0.007591872,1,3,,,5/1/2004 0:00
5/1/2004 0:00,5.6,5.6,5.8,5.6,5.7,5.7,5.8,1,1,,0,0,1,,,6/1/2004 0:00
6/1/2004 0:00,5.6,5.6,5.6,5.8,5.6,5.7,5.7,1,1,,0,0,2,,,7/1/2004 0:00
7/1/2004 0:00,5.5,5.6,5.6,5.6,5.8,5.6,5.7,1,1,14464.984,0.009408878,1,3,,,8/1/2004 0:00
8/1/2004 0:00,5.4,5.5,5.6,5.6,5.6,5.8,5.6,1,1,,0,0,1,,,9/1/2004 0:00
9/1/2004 0:00,5.4,5.4,5.5,5.6,5.6,5.6,5.8,1,1,,0,0,2,,,10/1/2004 0:00
10/1/2004 0:00,5.5,5.4,5.4,5.5,5.6,5.6,5.6,1,1,14609.876,0.009966906,1,3,,,11/1/2004 0:00
11/1/2004 0:00,5.4,5.5,5.4,5.4,5.5,5.6,5.6,1,1,,0,0,1,,,12/1/2004 0:00
12/1/2004 0:00,5.4,5.4,5.5,5.4,5.4,5.5,5.6,1,1,,0,0,2,,,1/1/2005 0:00
1/1/2005 0:00,5.3,5.4,5.4,5.5,5.4,5.4,5.5,1,1,14771.602,0.011008815,1,3,,,2/1/2005 0:00
2/1/2005 0:00,5.4,5.3,5.4,5.4,5.5,5.4,5.4,1,1,,0,0,1,,,3/1/2005 0:00
3/1/2005 0:00,5.2,5.4,5.3,5.4,5.4,5.5,5.4,1,1,,0,0,2,,,4/1/2005 0:00
4/1/2005 0:00,5.2,5.2,5.4,5.3,5.4,5.4,5.5,1,1,14839.782,0.004604994,1,3,,,5/1/2005 0:00
5/1/2005 0:00,5.1,5.2,5.2,5.4,5.3,5.4,5.4,1,1,,0,0,1,,,6/1/2005 0:00
6/1/2005 0:00,5,5.1,5.2,5.2,5.4,5.3,5.4,1,1,,0,0,2,,,7/1/2005 0:00
7/1/2005 0:00,5,5,5.1,5.2,5.2,5.4,5.3,1,1,14972.054,0.008873849,1,3,,,8/1/2005 0:00
8/1/2005 0:00,4.9,5,5,5.1,5.2,5.2,5.4,1,1,,0,0,1,,,9/1/2005 0:00
9/1/2005 0:00,5,4.9,5,5,5.1,5.2,5.2,1,1,,0,0,2,,,10/1/2005 0:00
10/1/2005 0:00,5,5,4.9,5,5,5.1,5.2,1,1,15066.597,0.006294777,1,3,,,11/1/2005 0:00
11/1/2005 0:00,5,5,5,4.9,5,5,5.1,1,1,,0,0,1,,,12/1/2005 0:00
12/1/2005 0:00,4.9,5,5,5,4.9,5,5,1,1,,0,0,2,,,1/1/2006 0:00
1/1/2006 0:00,4.7,4.9,5,5,5,4.9,5,1,1,15267.026,0.013215165,1,3,,,2/1/2006 0:00
2/1/2006 0:00,4.8,4.7,4.9,5,5,5,4.9,1,1,,0,0,1,,,3/1/2006 0:00
3/1/2006 0:00,4.7,4.8,4.7,4.9,5,5,5,1,1,,0,0,2,,,4/1/2006 0:00
4/1/2006 0:00,4.7,4.7,4.8,4.7,4.9,5,5,1,1,15302.705,0.002334271,1,3,,,5/1/2006 0:00
5/1/2006 0:00,4.6,4.7,4.7,4.8,4.7,4.9,5,1,1,,0,0,1,,,6/1/2006 0:00
6/1/2006 0:00,4.6,4.6,4.7,4.7,4.8,4.7,4.9,1,1,,0,0,2,,,7/1/2006 0:00
7/1/2006 0:00,4.7,4.6,4.6,4.7,4.7,4.8,4.7,1,1,15326.368,0.001545134,1,3,,,8/1/2006 0:00
8/1/2006 0:00,4.7,4.7,4.6,4.6,4.7,4.7,4.8,1,1,,0,0,1,,,9/1/2006 0:00
9/1/2006 0:00,4.5,4.7,4.7,4.6,4.6,4.7,4.7,1,1,,0,0,2,,,10/1/2006 0:00
10/1/2006 0:00,4.4,4.5,4.7,4.7,4.6,4.6,4.7,1,1,15456.928,0.008482573,1,3,,,11/1/2006 0:00
11/1/2006 0:00,4.5,4.4,4.5,4.7,4.7,4.6,4.6,1,1,,0,0,1,,,12/1/2006 0:00
12/1/2006 0:00,4.4,4.5,4.4,4.5,4.7,4.7,4.6,1,1,,0,0,2,,,1/1/2007 0:00
1/1/2007 0:00,4.6,4.4,4.5,4.4,4.5,4.7,4.7,1,1,15493.328,0.002352163,1,3,,,2/1/2007 0:00
2/1/2007 0:00,4.5,4.6,4.4,4.5,4.4,4.5,4.7,1,1,,0,0,1,,,3/1/2007 0:00
3/1/2007 0:00,4.4,4.5,4.6,4.4,4.5,4.4,4.5,1,1,,0,0,2,,,4/1/2007 0:00
4/1/2007 0:00,4.5,4.4,4.5,4.6,4.4,4.5,4.4,1,1,15582.085,0.005712377,1,3,,,5/1/2007 0:00
5/1/2007 0:00,4.4,4.5,4.4,4.5,4.6,4.4,4.5,1,1,,0,0,1,,,6/1/2007 0:00
6/1/2007 0:00,4.6,4.4,4.5,4.4,4.5,4.6,4.4,1,1,,0,0,2,,,7/1/2007 0:00
7/1/2007 0:00,4.7,4.6,4.4,4.5,4.4,4.5,4.6,1,1,15666.738,0.005418009,1,3,,,8/1/2007 0:00
8/1/2007 0:00,4.6,4.7,4.6,4.4,4.5,4.4,4.5,1,1,,0,0,1,,,9/1/2007 0:00
9/1/2007 0:00,4.7,4.6,4.7,4.6,4.4,4.5,4.4,1,1,,0,0,2,,,10/1/2007 0:00
10/1/2007 0:00,4.7,4.7,4.6,4.7,4.6,4.4,4.5,1,1,15761.967,0.00606002,1,3,,,11/1/2007 0:00
11/1/2007 0:00,4.7,4.7,4.7,4.6,4.7,4.6,4.4,1,1,,0,0,1,,,12/1/2007 0:00
12/1/2007 0:00,5,4.7,4.7,4.7,4.6,4.7,4.6,1,1,,0,0,2,,,1/1/2008 0:00
1/1/2008 0:00,5,5,4.7,4.7,4.7,4.6,4.7,1,1,15671.383,-0.005763576,1,3,,,2/1/2008 0:00
2/1/2008 0:00,4.9,5,5,4.7,4.7,4.7,4.6,1,1,,0,0,1,,,3/1/2008 0:00
3/1/2008 0:00,5.1,4.9,5,5,4.7,4.7,4.7,1,1,,0,0,2,,,4/1/2008 0:00
4/1/2008 0:00,5,5.1,4.9,5,5,4.7,4.7,1,1,15752.308,0.005150584,1,3,,,5/1/2008 0:00
5/1/2008 0:00,5.4,5,5.1,4.9,5,5,4.7,1,1,,0,0,1,,,6/1/2008 0:00
6/1/2008 0:00,5.6,5.4,5,5.1,4.9,5,5,1,1,,0,0,2,,,7/1/2008 0:00
7/1/2008 0:00,5.8,5.6,5.4,5,5.1,4.9,5,1,1,15667.032,-0.005428262,1,3,,,8/1/2008 0:00
8/1/2008 0:00,6.1,5.8,5.6,5.4,5,5.1,4.9,1,1,,0,0,1,,,9/1/2008 0:00
9/1/2008 0:00,6.1,6.1,5.8,5.6,5.4,5,5.1,1,1,,0,0,2,,,10/1/2008 0:00
10/1/2008 0:00,6.5,6.1,6.1,5.8,5.6,5.4,5,1,1,15328.027,-0.021875649,1,3,,,11/1/2008 0:00
11/1/2008 0:00,6.8,6.5,6.1,6.1,5.8,5.6,5.4,1,1,,0,0,1,,,12/1/2008 0:00
12/1/2008 0:00,7.3,6.8,6.5,6.1,6.1,5.8,5.6,1,1,,0,0,2,,,1/1/2009 0:00
1/1/2009 0:00,7.8,7.3,6.8,6.5,6.1,6.1,5.8,1,1,15155.94,-0.011290448,1,3,,,2/1/2009 0:00
2/1/2009 0:00,8.3,7.8,7.3,6.8,6.5,6.1,6.1,1,1,,0,0,1,,,3/1/2009 0:00
3/1/2009 0:00,8.7,8.3,7.8,7.3,6.8,6.5,6.1,1,1,,0,0,2,,,4/1/2009 0:00
4/1/2009 0:00,9,8.7,8.3,7.8,7.3,6.8,6.5,1,1,15134.117,-0.001440935,1,3,,,5/1/2009 0:00
5/1/2009 0:00,9.4,9,8.7,8.3,7.8,7.3,6.8,1,1,,0,0,1,,,6/1/2009 0:00
6/1/2009 0:00,9.5,9.4,9,8.7,8.3,7.8,7.3,1,1,,0,0,2,,,7/1/2009 0:00
7/1/2009 0:00,9.5,9.5,9.4,9,8.7,8.3,7.8,1,1,15189.222,0.003634498,1,3,,,8/1/2009 0:00
8/1/2009 0:00,9.6,9.5,9.5,9.4,9,8.7,8.3,1,1,,0,0,1,,,9/1/2009 0:00
9/1/2009 0:00,9.8,9.6,9.5,9.5,9.4,9,8.7,1,1,,0,0,2,,,10/1/2009 0:00
10/1/2009 0:00,10,9.8,9.6,9.5,9.5,9.4,9,1,1,15356.058,0.010923957,1,3,,,11/1/2009 0:00
11/1/2009 0:00,9.9,10,9.8,9.6,9.5,9.5,9.4,1,1,,0,0,1,,,12/1/2009 0:00
12/1/2009 0:00,9.9,9.9,10,9.8,9.6,9.5,9.5,1,1,,0,0,2,,,1/1/2010 0:00
1/1/2010 0:00,9.8,9.9,9.9,10,9.8,9.6,9.5,1,1,15415.145,0.003840414,1,3,,,2/1/2010 0:00
2/1/2010 0:00,9.8,9.8,9.9,9.9,10,9.8,9.6,1,1,,0,0,1,,,3/1/2010 0:00
3/1/2010 0:00,9.9,9.8,9.8,9.9,9.9,10,9.8,1,1,,0,0,2,,,4/1/2010 0:00
4/1/2010 0:00,9.9,9.9,9.8,9.8,9.9,9.9,10,1,1,15557.277,0.009178036,1,3,,,5/1/2010 0:00
5/1/2010 0:00,9.6,9.9,9.9,9.8,9.8,9.9,9.9,1,1,,0,0,1,,,6/1/2010 0:00
6/1/2010 0:00,9.4,9.6,9.9,9.9,9.8,9.8,9.9,1,1,,0,0,2,,,7/1/2010 0:00
7/1/2010 0:00,9.4,9.4,9.6,9.9,9.9,9.8,9.8,1,1,15671.967,0.007345072,1,3,,,8/1/2010 0:00
8/1/2010 0:00,9.5,9.4,9.4,9.6,9.9,9.9,9.8,1,1,,0,0,1,,,9/1/2010 0:00
9/1/2010 0:00,9.5,9.5,9.4,9.4,9.6,9.9,9.9,1,1,,0,0,2,,,10/1/2010 0:00
10/1/2010 0:00,9.4,9.5,9.5,9.4,9.4,9.6,9.9,1,1,15750.625,0.005006472,1,3,,,11/1/2010 0:00
11/1/2010 0:00,9.8,9.4,9.5,9.5,9.4,9.4,9.6,1,1,,0,0,1,,,12/1/2010 0:00
12/1/2010 0:00,9.3,9.8,9.4,9.5,9.5,9.4,9.4,1,1,,0,0,2,,,1/1/2011 0:00
1/1/2011 0:00,9.1,9.3,9.8,9.4,9.5,9.5,9.4,1,1,15712.754,-0.002407308,1,3,,,2/1/2011 0:00
2/1/2011 0:00,9,9.1,9.3,9.8,9.4,9.5,9.5,1,1,,0,0,1,,,3/1/2011 0:00
3/1/2011 0:00,9,9,9.1,9.3,9.8,9.4,9.5,1,1,,0,0,2,,,4/1/2011 0:00
4/1/2011 0:00,9.1,9,9,9.1,9.3,9.8,9.4,1,1,15825.096,0.007124295,1,3,,,5/1/2011 0:00
5/1/2011 0:00,9,9.1,9,9,9.1,9.3,9.8,1,1,,0,0,1,,,6/1/2011 0:00
6/1/2011 0:00,9.1,9,9.1,9,9,9.1,9.3,1,1,,0,0,2,,,7/1/2011 0:00
7/1/2011 0:00,9,9.1,9,9.1,9,9,9.1,1,1,15820.7,-0.000277825,1,3,,,8/1/2011 0:00
8/1/2011 0:00,9,9,9.1,9,9.1,9,9,1,1,,0,0,1,,,9/1/2011 0:00
9/1/2011 0:00,9,9,9,9.1,9,9.1,9,1,1,,0,0,2,,,10/1/2011 0:00
10/1/2011 0:00,8.8,9,9,9,9.1,9,9.1,1,1,16004.107,0.011526168,1,3,,,11/1/2011 0:00
11/1/2011 0:00,8.6,8.8,9,9,9,9.1,9,1,1,,0,0,1,,,12/1/2011 0:00
12/1/2011 0:00,8.5,8.6,8.8,9,9,9,9.1,1,1,,0,0,2,,,1/1/2012 0:00
1/1/2012 0:00,8.3,8.5,8.6,8.8,9,9,9,1,1,16129.418,0.007799433,1,3,,,2/1/2012 0:00
2/1/2012 0:00,8.3,8.3,8.5,8.6,8.8,9,9,1,1,,0,0,1,,,3/1/2012 0:00
3/1/2012 0:00,8.2,8.3,8.3,8.5,8.6,8.8,9,1,1,,0,0,2,,,4/1/2012 0:00
4/1/2012 0:00,8.2,8.2,8.3,8.3,8.5,8.6,8.8,1,1,16198.807,0.004292788,1,3,,,5/1/2012 0:00
5/1/2012 0:00,8.2,8.2,8.2,8.3,8.3,8.5,8.6,1,1,,0,0,1,,,6/1/2012 0:00
6/1/2012 0:00,8.2,8.2,8.2,8.2,8.3,8.3,8.5,1,1,,0,0,2,,,7/1/2012 0:00
7/1/2012 0:00,8.2,8.2,8.2,8.2,8.2,8.3,8.3,1,1,16220.667,0.001348572,1,3,,,8/1/2012 0:00
8/1/2012 0:00,8.1,8.2,8.2,8.2,8.2,8.2,8.3,1,1,,0,0,1,,,9/1/2012 0:00
9/1/2012 0:00,7.8,8.1,8.2,8.2,8.2,8.2,8.2,1,1,,0,0,2,,,10/1/2012 0:00
10/1/2012 0:00,7.8,7.8,8.1,8.2,8.2,8.2,8.2,1,1,16239.138,0.001138085,1,3,,,11/1/2012 0:00
11/1/2012 0:00,7.7,7.8,7.8,8.1,8.2,8.2,8.2,1,1,,0,0,1,,,12/1/2012 0:00
12/1/2012 0:00,7.9,7.7,7.8,7.8,8.1,8.2,8.2,1,1,,0,0,2,,,1/1/2013 0:00
1/1/2013 0:00,8,7.9,7.7,7.8,7.8,8.1,8.2,1,1,16382.964,0.00881776,1,3,,,2/1/2013 0:00
2/1/2013 0:00,7.7,8,7.9,7.7,7.8,7.8,8.1,1,1,,0,0,1,,,3/1/2013 0:00
3/1/2013 0:00,7.5,7.7,8,7.9,7.7,7.8,7.8,1,1,,0,0,2,,,4/1/2013 0:00
4/1/2013 0:00,7.6,7.5,7.7,8,7.9,7.7,7.8,1,1,16403.18,0.001233204,1,3,,,5/1/2013 0:00
5/1/2013 0:00,7.5,7.6,7.5,7.7,8,7.9,7.7,1,1,,0,0,1,,,6/1/2013 0:00
6/1/2013 0:00,7.5,7.5,7.6,7.5,7.7,8,7.9,1,1,,0,0,2,,,7/1/2013 0:00
7/1/2013 0:00,7.3,7.5,7.5,7.6,7.5,7.7,8,1,1,16531.685,0.007803624,1,3,,,8/1/2013 0:00
8/1/2013 0:00,7.2,7.3,7.5,7.5,7.6,7.5,7.7,1,1,,0,0,1,,,9/1/2013 0:00
9/1/2013 0:00,7.2,7.2,7.3,7.5,7.5,7.6,7.5,1,1,,0,0,2,,,10/1/2013 0:00
10/1/2013 0:00,7.2,7.2,7.2,7.3,7.5,7.5,7.6,1,1,16663.649,0.007950798,1,3,,,11/1/2013 0:00
11/1/2013 0:00,6.9,7.2,7.2,7.2,7.3,7.5,7.5,1,1,,0,0,1,,,12/1/2013 0:00
12/1/2013 0:00,6.7,6.9,7.2,7.2,7.2,7.3,7.5,1,1,,0,0,2,,,1/1/2014 0:00
1/1/2014 0:00,6.6,6.7,6.9,7.2,7.2,7.2,7.3,1,1,16621.696,-0.00252081,1,3,,,2/1/2014 0:00
2/1/2014 0:00,6.7,6.6,6.7,6.9,7.2,7.2,7.2,1,1,,0,0,1,,,3/1/2014 0:00
3/1/2014 0:00,6.7,6.7,6.6,6.7,6.9,7.2,7.2,1,1,,0,0,2,,,4/1/2014 0:00
4/1/2014 0:00,6.2,6.7,6.7,6.6,6.7,6.9,7.2,1,1,16830.111,0.012460774,1,3,,,5/1/2014 0:00
5/1/2014 0:00,6.3,6.2,6.7,6.7,6.6,6.7,6.9,1,1,,0,0,1,,,6/1/2014 0:00
6/1/2014 0:00,6.1,6.3,6.2,6.7,6.7,6.6,6.7,1,1,,0,0,2,,,7/1/2014 0:00
7/1/2014 0:00,6.2,6.1,6.3,6.2,6.7,6.7,6.6,1,1,17033.572,0.012016617,1,3,,,8/1/2014 0:00
8/1/2014 0:00,6.1,6.2,6.1,6.3,6.2,6.7,6.7,1,1,,0,0,1,,,9/1/2014 0:00
9/1/2014 0:00,5.9,6.1,6.2,6.1,6.3,6.2,6.7,1,1,,0,0,2,,,10/1/2014 0:00
10/1/2014 0:00,5.7,5.9,6.1,6.2,6.1,6.3,6.2,1,1,17113.945,0.004707408,1,3,,,11/1/2014 0:00
11/1/2014 0:00,5.8,5.7,5.9,6.1,6.2,6.1,6.3,1,1,,0,0,1,,,12/1/2014 0:00
12/1/2014 0:00,5.6,5.8,5.7,5.9,6.1,6.2,6.1,1,1,,0,0,2,,,1/1/2015 0:00
1/1/2015 0:00,5.7,5.6,5.8,5.7,5.9,6.1,6.2,1,1,17254.744,0.008193492,1,3,,,2/1/2015 0:00
2/1/2015 0:00,5.5,5.7,5.6,5.8,5.7,5.9,6.1,1,1,,0,0,1,,,3/1/2015 0:00
3/1/2015 0:00,5.4,5.5,5.7,5.6,5.8,5.7,5.9,1,1,,0,0,2,,,4/1/2015 0:00
4/1/2015 0:00,5.4,5.4,5.5,5.7,5.6,5.8,5.7,1,1,17397.029,0.008212324,1,3,,,5/1/2015 0:00
5/1/2015 0:00,5.6,5.4,5.4,5.5,5.7,5.6,5.8,1,1,,0,0,1,,,6/1/2015 0:00
6/1/2015 0:00,5.3,5.6,5.4,5.4,5.5,5.7,5.6,1,1,,0,0,2,,,7/1/2015 0:00
7/1/2015 0:00,5.2,5.3,5.6,5.4,5.4,5.5,5.7,1,1,17438.802,0.002398279,1,3,,,8/1/2015 0:00
8/1/2015 0:00,5.1,5.2,5.3,5.6,5.4,5.4,5.5,1,1,,0,0,1,,,9/1/2015 0:00
9/1/2015 0:00,5,5.1,5.2,5.3,5.6,5.4,5.4,1,1,,0,0,2,,,10/1/2015 0:00
10/1/2015 0:00,5,5,5.1,5.2,5.3,5.6,5.4,1,1,17456.225,0.000998595,1,3,,,11/1/2015 0:00
11/1/2015 0:00,5.1,5,5,5.1,5.2,5.3,5.6,1,1,,0,0,1,,,12/1/2015 0:00
12/1/2015 0:00,5,5.1,5,5,5.1,5.2,5.3,1,1,,0,0,2,,,1/1/2016 0:00
1/1/2016 0:00,4.9,5,5.1,5,5,5.1,5.2,1,1,17523.374,0.003839328,1,3,,,2/1/2016 0:00
2/1/2016 0:00,4.9,4.9,5,5.1,5,5,5.1,1,1,,0,0,1,,,3/1/2016 0:00
3/1/2016 0:00,5,4.9,4.9,5,5.1,5,5,1,1,,0,0,2,,,4/1/2016 0:00
4/1/2016 0:00,5,5,4.9,4.9,5,5.1,5,1,1,17622.486,0.005640053,1,3,,,5/1/2016 0:00
5/1/2016 0:00,4.8,5,5,4.9,4.9,5,5.1,1,1,,0,0,1,,,6/1/2016 0:00
6/1/2016 0:00,4.9,4.8,5,5,4.9,4.9,5,1,1,,0,0,2,,,7/1/2016 0:00
7/1/2016 0:00,4.8,4.9,4.8,5,5,4.9,4.9,1,1,17706.705,0.004767681,1,3,,,8/1/2016 0:00
8/1/2016 0:00,4.9,4.8,4.9,4.8,5,5,4.9,1,1,,0,0,1,,,9/1/2016 0:00
9/1/2016 0:00,5,4.9,4.8,4.9,4.8,5,5,1,1,,0,0,2,,,10/1/2016 0:00
10/1/2016 0:00,4.9,5,4.9,4.8,4.9,4.8,5,1,1,17784.185,0.004366198,1,3,,,11/1/2016 0:00
11/1/2016 0:00,4.7,4.9,5,4.9,4.8,4.9,4.8,1,1,,0,0,1,,,12/1/2016 0:00
12/1/2016 0:00,4.7,4.7,4.9,5,4.9,4.8,4.9,1,1,,0,0,2,,,1/1/2017 0:00
1/1/2017 0:00,4.7,4.7,4.7,4.9,5,4.9,4.8,1,1,17863.023,0.004423243,1,3,,,2/1/2017 0:00
2/1/2017 0:00,4.7,4.7,4.7,4.7,4.9,5,4.9,1,1,,0,0,1,,,3/1/2017 0:00
3/1/2017 0:00,4.4,4.7,4.7,4.7,4.7,4.9,5,1,1,,0,0,2,,,4/1/2017 0:00
4/1/2017 0:00,4.4,4.4,4.7,4.7,4.7,4.7,4.9,1,1,17995.15,0.007369455,1,3,,,5/1/2017 0:00
5/1/2017 0:00,4.4,4.4,4.4,4.7,4.7,4.7,4.7,1,1,,0,0,1,,,6/1/2017 0:00
6/1/2017 0:00,4.3,4.4,4.4,4.4,4.7,4.7,4.7,1,1,,0,0,2,,,7/1/2017 0:00
7/1/2017 0:00,4.3,4.3,4.4,4.4,4.4,4.7,4.7,1,1,18120.843,0.006960546,1,3,,,8/1/2017 0:00
8/1/2017 0:00,4.4,4.3,4.3,4.4,4.4,4.4,4.7,1,1,,0,0,1,,,9/1/2017 0:00
9/1/2017 0:00,4.2,4.4,4.3,4.3,4.4,4.4,4.4,1,1,,0,0,2,,,10/1/2017 0:00
10/1/2017 0:00,4.1,4.2,4.4,4.3,4.3,4.4,4.4,1,1,18223.758,0.005663305,1,3,,,11/1/2017 0:00
11/1/2017 0:00,4.2,4.1,4.2,4.4,4.3,4.3,4.4,1,1,,0,0,1,,,12/1/2017 0:00
12/1/2017 0:00,4.1,4.2,4.1,4.2,4.4,4.3,4.3,1,1,,0,0,2,,,1/1/2018 0:00
1/1/2018 0:00,4.1,4.1,4.2,4.1,4.2,4.4,4.3,1,1,18323.963,0.005483529,1,3,,,2/1/2018 0:00
2/1/2018 0:00,4.1,4.1,4.1,4.2,4.1,4.2,4.4,1,1,,0,0,1,,,3/1/2018 0:00
3/1/2018 0:00,4,4.1,4.1,4.1,4.2,4.1,4.2,1,1,,0,0,2,,,4/1/2018 0:00
4/1/2018 0:00,3.9,4,4.1,4.1,4.1,4.2,4.1,1,1,18511.576,0.010186609,1,3,,,5/1/2018 0:00
5/1/2018 0:00,3.8,3.9,4,4.1,4.1,4.1,4.2,1,1,,0,0,1,,,6/1/2018 0:00
6/1/2018 0:00,4,3.8,3.9,4,4.1,4.1,4.1,1,1,,0,0,2,,,7/1/2018 0:00
7/1/2018 0:00,3.9,4,3.8,3.9,4,4.1,4.1,1,1,18664.973,0.0082524,1,3,,,8/1/2018 0:00
8/1/2018 0:00,3.8,3.9,4,3.8,3.9,4,4.1,1,1,,0,0,1,,,9/1/2018 0:00
9/1/2018 0:00,3.7,3.8,3.9,4,3.8,3.9,4,1,1,,0,0,2,,,10/1/2018 0:00
10/1/2018 0:00,3.8,3.7,3.8,3.9,4,3.8,3.9,1,1,18765.256,0.005358409,1,3,,,11/1/2018 0:00
11/1/2018 0:00,3.7,3.8,3.7,3.8,3.9,4,3.8,1,1,,0,0,1,,,12/1/2018 0:00
12/1/2018 0:00,3.9,3.7,3.8,3.7,3.8,3.9,4,1,1,,0,0,2,,,
